/*
 Navicat Premium Data Transfer

 Source Server         : mysql_3306
 Source Server Type    : MySQL
 Source Server Version : 80015
 Source Host           : localhost:3306
 Source Schema         : itcast0820Project

 Target Server Type    : MySQL
 Target Server Version : 80015
 File Encoding         : 65001

 Date: 10/05/2019 17:12:03
*/

SET NAMES utf8mb4;
SET FOREIGN_KEY_CHECKS = 0;

-- ----------------------------
-- Table structure for a_employee
-- ----------------------------
DROP TABLE IF EXISTS `a_employee`;
CREATE TABLE `a_employee` (
  `id` bigint(20) NOT NULL AUTO_INCREMENT,
  `name` varchar(255) DEFAULT NULL,
  `password` varchar(255) DEFAULT NULL,
  `email` varchar(255) DEFAULT NULL,
  `role` varchar(255) DEFAULT NULL,
  `manager_id` bigint(20) DEFAULT NULL,
  PRIMARY KEY (`id`),
  UNIQUE KEY `name` (`name`),
  UNIQUE KEY `email` (`email`),
  KEY `FKDC5BF4CCC8CB2A1E` (`manager_id`),
  CONSTRAINT `FKDC5BF4CCC8CB2A1E` FOREIGN KEY (`manager_id`) REFERENCES `a_employee` (`id`)
) ENGINE=InnoDB AUTO_INCREMENT=6 DEFAULT CHARSET=utf8;

-- ----------------------------
-- Records of a_employee
-- ----------------------------
BEGIN;
INSERT INTO `a_employee` VALUES (1, '王中军', '123456', '123456@qq.com', 'boss', NULL);
INSERT INTO `a_employee` VALUES (2, '冯小刚经纪人', '123456', '6666@qq.com', 'manager', 1);
INSERT INTO `a_employee` VALUES (3, '范冰冰经纪人', '123456', '777777@126.com', 'manager', 1);
INSERT INTO `a_employee` VALUES (4, '冯小刚', '123456', '454545@163.com', 'user', 2);
INSERT INTO `a_employee` VALUES (5, '范冰冰', '123456', '414141@gmail.com', 'user', 3);
COMMIT;

-- ----------------------------
-- Table structure for a_leavebill
-- ----------------------------
DROP TABLE IF EXISTS `a_leavebill`;
CREATE TABLE `a_leavebill` (
  `id` bigint(20) NOT NULL AUTO_INCREMENT,
  `days` int(11) DEFAULT NULL,
  `content` varchar(255) DEFAULT NULL,
  `remark` varchar(255) DEFAULT NULL,
  `leaveDate` datetime DEFAULT NULL,
  `state` int(11) DEFAULT NULL,
  `user_id` bigint(20) DEFAULT NULL,
  PRIMARY KEY (`id`),
  KEY `FK74E569002B4D7140` (`user_id`),
  CONSTRAINT `FK74E569002B4D7140` FOREIGN KEY (`user_id`) REFERENCES `a_employee` (`id`)
) ENGINE=InnoDB AUTO_INCREMENT=10 DEFAULT CHARSET=utf8;

-- ----------------------------
-- Records of a_leavebill
-- ----------------------------
BEGIN;
INSERT INTO `a_leavebill` VALUES (1, 3, '回家探亲', '带点特产', '2019-05-09 19:39:48', 2, 5);
INSERT INTO `a_leavebill` VALUES (2, 7, '病假', '去医院看病', '2019-05-09 11:25:11', 0, 5);
INSERT INTO `a_leavebill` VALUES (8, 2, '休息2天', '最近有点儿累', '2019-05-09 16:34:39', 0, 5);
INSERT INTO `a_leavebill` VALUES (9, 10, '出国旅游', '去趟夏威夷岛，度蜜月', '2019-05-10 15:17:37', 2, 5);
COMMIT;

-- ----------------------------
-- Table structure for ACT_GE_BYTEARRAY
-- ----------------------------
DROP TABLE IF EXISTS `ACT_GE_BYTEARRAY`;
CREATE TABLE `ACT_GE_BYTEARRAY` (
  `ID_` varchar(64) CHARACTER SET utf8 COLLATE utf8_bin NOT NULL,
  `REV_` int(11) DEFAULT NULL,
  `NAME_` varchar(255) CHARACTER SET utf8 COLLATE utf8_bin DEFAULT NULL,
  `DEPLOYMENT_ID_` varchar(64) CHARACTER SET utf8 COLLATE utf8_bin DEFAULT NULL,
  `BYTES_` longblob,
  `GENERATED_` tinyint(4) DEFAULT NULL,
  PRIMARY KEY (`ID_`),
  KEY `ACT_FK_BYTEARR_DEPL` (`DEPLOYMENT_ID_`),
  CONSTRAINT `ACT_FK_BYTEARR_DEPL` FOREIGN KEY (`DEPLOYMENT_ID_`) REFERENCES `act_re_deployment` (`ID_`)
) ENGINE=InnoDB DEFAULT CHARSET=utf8 COLLATE=utf8_bin COMMENT='资源文件表';

-- ----------------------------
-- Records of ACT_GE_BYTEARRAY
-- ----------------------------
BEGIN;
INSERT INTO `ACT_GE_BYTEARRAY` VALUES ('2', 1, 'leaveBill.bpmn', '1', 0x3C3F786D6C2076657273696F6E3D22312E302220656E636F64696E673D225554462D38223F3E0A3C646566696E6974696F6E7320786D6C6E733D22687474703A2F2F7777772E6F6D672E6F72672F737065632F42504D4E2F32303130303532342F4D4F44454C2220786D6C6E733A7873693D22687474703A2F2F7777772E77332E6F72672F323030312F584D4C536368656D612D696E7374616E63652220786D6C6E733A61637469766974693D22687474703A2F2F61637469766974692E6F72672F62706D6E2220786D6C6E733A62706D6E64693D22687474703A2F2F7777772E6F6D672E6F72672F737065632F42504D4E2F32303130303532342F44492220786D6C6E733A6F6D6764633D22687474703A2F2F7777772E6F6D672E6F72672F737065632F44442F32303130303532342F44432220786D6C6E733A6F6D6764693D22687474703A2F2F7777772E6F6D672E6F72672F737065632F44442F32303130303532342F44492220747970654C616E67756167653D22687474703A2F2F7777772E77332E6F72672F323030312F584D4C536368656D61222065787072657373696F6E4C616E67756167653D22687474703A2F2F7777772E77332E6F72672F313939392F585061746822207461726765744E616D6573706163653D22687474703A2F2F7777772E61637469766974692E6F72672F74657374223E0A20203C70726F636573732069643D224C6561766542696C6C22206E616D653D224C6561766542696C6C50726F636573732220697345786563757461626C653D2274727565223E0A202020203C73746172744576656E742069643D2273746172746576656E743122206E616D653D225374617274223E3C2F73746172744576656E743E0A202020203C757365725461736B2069643D22757365727461736B3122206E616D653D22E68F90E4BAA4E794B3E8AFB7222061637469766974693A61737369676E65653D22247B696E707574557365727D222061637469766974693A666F726D4B65793D22776F726B666C6F77416374696F6E5F61756469742E616374696F6E223E3C2F757365725461736B3E0A202020203C73657175656E6365466C6F772069643D22666C6F77312220736F757263655265663D2273746172746576656E743122207461726765745265663D22757365727461736B31223E3C2F73657175656E6365466C6F773E0A202020203C757365725461736B2069643D22757365727461736B3222206E616D653D22E7BB8FE7BAAAE4BABAE5AEA1E689B9222061637469766974693A666F726D4B65793D22776F726B666C6F77416374696F6E5F61756469742E616374696F6E223E0A2020202020203C657874656E73696F6E456C656D656E74733E0A20202020202020203C61637469766974693A7461736B4C697374656E6572206576656E743D226372656174652220636C6173733D22636E2E6974636173742E7373682E7574696C732E4D616E616765725461736B48616E646C6572223E3C2F61637469766974693A7461736B4C697374656E65723E0A2020202020203C2F657874656E73696F6E456C656D656E74733E0A202020203C2F757365725461736B3E0A202020203C73657175656E6365466C6F772069643D22666C6F77322220736F757263655265663D22757365727461736B3122207461726765745265663D22757365727461736B32223E3C2F73657175656E6365466C6F773E0A202020203C757365725461736B2069643D22757365727461736B3322206E616D653D22E88081E680BBE5AEA1E689B9222061637469766974693A666F726D4B65793D22776F726B666C6F77416374696F6E5F61756469742E616374696F6E223E0A2020202020203C657874656E73696F6E456C656D656E74733E0A20202020202020203C61637469766974693A7461736B4C697374656E6572206576656E743D226372656174652220636C6173733D22636E2E6974636173742E7373682E7574696C732E4D616E616765725461736B48616E646C6572223E3C2F61637469766974693A7461736B4C697374656E65723E0A2020202020203C2F657874656E73696F6E456C656D656E74733E0A202020203C2F757365725461736B3E0A202020203C73657175656E6365466C6F772069643D22666C6F77332220736F757263655265663D22757365727461736B3222207461726765745265663D22757365727461736B33223E3C2F73657175656E6365466C6F773E0A202020203C656E644576656E742069643D22656E646576656E743122206E616D653D22456E64223E3C2F656E644576656E743E0A202020203C73657175656E6365466C6F772069643D22666C6F77342220736F757263655265663D22757365727461736B3322207461726765745265663D22656E646576656E7431223E3C2F73657175656E6365466C6F773E0A20203C2F70726F636573733E0A20203C62706D6E64693A42504D4E4469616772616D2069643D2242504D4E4469616772616D5F4C6561766542696C6C223E0A202020203C62706D6E64693A42504D4E506C616E652062706D6E456C656D656E743D224C6561766542696C6C222069643D2242504D4E506C616E655F4C6561766542696C6C223E0A2020202020203C62706D6E64693A42504D4E53686170652062706D6E456C656D656E743D2273746172746576656E7431222069643D2242504D4E53686170655F73746172746576656E7431223E0A20202020202020203C6F6D6764633A426F756E6473206865696768743D2233352E30222077696474683D2233352E302220783D223239302E302220793D2236302E30223E3C2F6F6D6764633A426F756E64733E0A2020202020203C2F62706D6E64693A42504D4E53686170653E0A2020202020203C62706D6E64693A42504D4E53686170652062706D6E456C656D656E743D22757365727461736B31222069643D2242504D4E53686170655F757365727461736B31223E0A20202020202020203C6F6D6764633A426F756E6473206865696768743D2235352E30222077696474683D223130352E302220783D223235352E302220793D223134302E30223E3C2F6F6D6764633A426F756E64733E0A2020202020203C2F62706D6E64693A42504D4E53686170653E0A2020202020203C62706D6E64693A42504D4E53686170652062706D6E456C656D656E743D22757365727461736B32222069643D2242504D4E53686170655F757365727461736B32223E0A20202020202020203C6F6D6764633A426F756E6473206865696768743D2235352E30222077696474683D223130352E302220783D223235352E302220793D223233302E30223E3C2F6F6D6764633A426F756E64733E0A2020202020203C2F62706D6E64693A42504D4E53686170653E0A2020202020203C62706D6E64693A42504D4E53686170652062706D6E456C656D656E743D22757365727461736B33222069643D2242504D4E53686170655F757365727461736B33223E0A20202020202020203C6F6D6764633A426F756E6473206865696768743D2235352E30222077696474683D223130352E302220783D223235352E302220793D223331302E30223E3C2F6F6D6764633A426F756E64733E0A2020202020203C2F62706D6E64693A42504D4E53686170653E0A2020202020203C62706D6E64693A42504D4E53686170652062706D6E456C656D656E743D22656E646576656E7431222069643D2242504D4E53686170655F656E646576656E7431223E0A20202020202020203C6F6D6764633A426F756E6473206865696768743D2233352E30222077696474683D2233352E302220783D223239302E302220793D223430302E30223E3C2F6F6D6764633A426F756E64733E0A2020202020203C2F62706D6E64693A42504D4E53686170653E0A2020202020203C62706D6E64693A42504D4E456467652062706D6E456C656D656E743D22666C6F7731222069643D2242504D4E456467655F666C6F7731223E0A20202020202020203C6F6D6764693A776179706F696E7420783D223330372E302220793D2239352E30223E3C2F6F6D6764693A776179706F696E743E0A20202020202020203C6F6D6764693A776179706F696E7420783D223330372E302220793D223134302E30223E3C2F6F6D6764693A776179706F696E743E0A2020202020203C2F62706D6E64693A42504D4E456467653E0A2020202020203C62706D6E64693A42504D4E456467652062706D6E456C656D656E743D22666C6F7732222069643D2242504D4E456467655F666C6F7732223E0A20202020202020203C6F6D6764693A776179706F696E7420783D223330372E302220793D223139352E30223E3C2F6F6D6764693A776179706F696E743E0A20202020202020203C6F6D6764693A776179706F696E7420783D223330372E302220793D223233302E30223E3C2F6F6D6764693A776179706F696E743E0A2020202020203C2F62706D6E64693A42504D4E456467653E0A2020202020203C62706D6E64693A42504D4E456467652062706D6E456C656D656E743D22666C6F7733222069643D2242504D4E456467655F666C6F7733223E0A20202020202020203C6F6D6764693A776179706F696E7420783D223330372E302220793D223238352E30223E3C2F6F6D6764693A776179706F696E743E0A20202020202020203C6F6D6764693A776179706F696E7420783D223330372E302220793D223331302E30223E3C2F6F6D6764693A776179706F696E743E0A2020202020203C2F62706D6E64693A42504D4E456467653E0A2020202020203C62706D6E64693A42504D4E456467652062706D6E456C656D656E743D22666C6F7734222069643D2242504D4E456467655F666C6F7734223E0A20202020202020203C6F6D6764693A776179706F696E7420783D223330372E302220793D223336352E30223E3C2F6F6D6764693A776179706F696E743E0A20202020202020203C6F6D6764693A776179706F696E7420783D223330372E302220793D223430302E30223E3C2F6F6D6764693A776179706F696E743E0A2020202020203C2F62706D6E64693A42504D4E456467653E0A202020203C2F62706D6E64693A42504D4E506C616E653E0A20203C2F62706D6E64693A42504D4E4469616772616D3E0A3C2F646566696E6974696F6E733E, 0);
INSERT INTO `ACT_GE_BYTEARRAY` VALUES ('23', 1, 'leaveBill2.bpmn', '22', 0x3C3F786D6C2076657273696F6E3D22312E302220656E636F64696E673D225554462D38223F3E0A3C646566696E6974696F6E7320786D6C6E733D22687474703A2F2F7777772E6F6D672E6F72672F737065632F42504D4E2F32303130303532342F4D4F44454C2220786D6C6E733A7873693D22687474703A2F2F7777772E77332E6F72672F323030312F584D4C536368656D612D696E7374616E63652220786D6C6E733A61637469766974693D22687474703A2F2F61637469766974692E6F72672F62706D6E2220786D6C6E733A62706D6E64693D22687474703A2F2F7777772E6F6D672E6F72672F737065632F42504D4E2F32303130303532342F44492220786D6C6E733A6F6D6764633D22687474703A2F2F7777772E6F6D672E6F72672F737065632F44442F32303130303532342F44432220786D6C6E733A6F6D6764693D22687474703A2F2F7777772E6F6D672E6F72672F737065632F44442F32303130303532342F44492220747970654C616E67756167653D22687474703A2F2F7777772E77332E6F72672F323030312F584D4C536368656D61222065787072657373696F6E4C616E67756167653D22687474703A2F2F7777772E77332E6F72672F313939392F585061746822207461726765744E616D6573706163653D22687474703A2F2F7777772E61637469766974692E6F72672F74657374223E0A20203C70726F636573732069643D224C6561766542696C6C22206E616D653D224C6561766542696C6C50726F636573732220697345786563757461626C653D2274727565223E0A202020203C73746172744576656E742069643D2273746172746576656E743122206E616D653D225374617274223E3C2F73746172744576656E743E0A202020203C757365725461736B2069643D22757365727461736B3122206E616D653D22E68F90E4BAA4E794B3E8AFB7222061637469766974693A61737369676E65653D22247B696E707574557365727D222061637469766974693A666F726D4B65793D22776F726B666C6F77416374696F6E5F61756469742E616374696F6E223E3C2F757365725461736B3E0A202020203C73657175656E6365466C6F772069643D22666C6F77312220736F757263655265663D2273746172746576656E743122207461726765745265663D22757365727461736B31223E3C2F73657175656E6365466C6F773E0A202020203C757365725461736B2069643D22757365727461736B3222206E616D653D22E7BB8FE7BAAAE4BABAE5AEA1E689B9222061637469766974693A666F726D4B65793D22776F726B666C6F77416374696F6E5F61756469742E616374696F6E223E0A2020202020203C657874656E73696F6E456C656D656E74733E0A20202020202020203C61637469766974693A7461736B4C697374656E6572206576656E743D226372656174652220636C6173733D22636E2E6974636173742E7373682E7574696C732E4D616E616765725461736B48616E646C6572223E3C2F61637469766974693A7461736B4C697374656E65723E0A2020202020203C2F657874656E73696F6E456C656D656E74733E0A202020203C2F757365725461736B3E0A202020203C73657175656E6365466C6F772069643D22666C6F77322220736F757263655265663D22757365727461736B3122207461726765745265663D22757365727461736B32223E3C2F73657175656E6365466C6F773E0A202020203C757365725461736B2069643D22757365727461736B3322206E616D653D22E88081E680BBE5AEA1E689B9222061637469766974693A666F726D4B65793D22776F726B666C6F77416374696F6E5F61756469742E616374696F6E223E0A2020202020203C657874656E73696F6E456C656D656E74733E0A20202020202020203C61637469766974693A7461736B4C697374656E6572206576656E743D226372656174652220636C6173733D22636E2E6974636173742E7373682E7574696C732E4D616E616765725461736B48616E646C6572223E3C2F61637469766974693A7461736B4C697374656E65723E0A2020202020203C2F657874656E73696F6E456C656D656E74733E0A202020203C2F757365725461736B3E0A202020203C73657175656E6365466C6F772069643D22666C6F773322206E616D653D22E689B9E587862220736F757263655265663D22757365727461736B3222207461726765745265663D22757365727461736B33223E0A2020202020203C636F6E646974696F6E45787072657373696F6E207873693A747970653D2274466F726D616C45787072657373696F6E223E3C215B43444154415B247B6F7574636F6D653D3D27E689B9E58786277D5D5D3E3C2F636F6E646974696F6E45787072657373696F6E3E0A202020203C2F73657175656E6365466C6F773E0A202020203C656E644576656E742069643D22656E646576656E743122206E616D653D22456E64223E3C2F656E644576656E743E0A202020203C73657175656E6365466C6F772069643D22666C6F773422206E616D653D22E689B9E587862220736F757263655265663D22757365727461736B3322207461726765745265663D22656E646576656E7431223E0A2020202020203C636F6E646974696F6E45787072657373696F6E207873693A747970653D2274466F726D616C45787072657373696F6E223E3C215B43444154415B247B6F7574636F6D653D3D27E689B9E58786277D5D5D3E3C2F636F6E646974696F6E45787072657373696F6E3E0A202020203C2F73657175656E6365466C6F773E0A202020203C73657175656E6365466C6F772069643D22666C6F773522206E616D653D22E9A9B3E59B9E2220736F757263655265663D22757365727461736B3222207461726765745265663D22757365727461736B31223E0A2020202020203C636F6E646974696F6E45787072657373696F6E207873693A747970653D2274466F726D616C45787072657373696F6E223E3C215B43444154415B247B6F7574636F6D653D3D27E9A9B3E59B9E277D5D5D3E3C2F636F6E646974696F6E45787072657373696F6E3E0A202020203C2F73657175656E6365466C6F773E0A202020203C73657175656E6365466C6F772069643D22666C6F773622206E616D653D22E9A9B3E59B9E2220736F757263655265663D22757365727461736B3322207461726765745265663D22757365727461736B31223E0A2020202020203C636F6E646974696F6E45787072657373696F6E207873693A747970653D2274466F726D616C45787072657373696F6E223E3C215B43444154415B247B6F7574636F6D653D3D27E9A9B3E59B9E277D5D5D3E3C2F636F6E646974696F6E45787072657373696F6E3E0A202020203C2F73657175656E6365466C6F773E0A20203C2F70726F636573733E0A20203C62706D6E64693A42504D4E4469616772616D2069643D2242504D4E4469616772616D5F4C6561766542696C6C223E0A202020203C62706D6E64693A42504D4E506C616E652062706D6E456C656D656E743D224C6561766542696C6C222069643D2242504D4E506C616E655F4C6561766542696C6C223E0A2020202020203C62706D6E64693A42504D4E53686170652062706D6E456C656D656E743D2273746172746576656E7431222069643D2242504D4E53686170655F73746172746576656E7431223E0A20202020202020203C6F6D6764633A426F756E6473206865696768743D2233352E30222077696474683D2233352E302220783D223239302E302220793D2236302E30223E3C2F6F6D6764633A426F756E64733E0A2020202020203C2F62706D6E64693A42504D4E53686170653E0A2020202020203C62706D6E64693A42504D4E53686170652062706D6E456C656D656E743D22757365727461736B31222069643D2242504D4E53686170655F757365727461736B31223E0A20202020202020203C6F6D6764633A426F756E6473206865696768743D2235352E30222077696474683D223130352E302220783D223235352E302220793D223134302E30223E3C2F6F6D6764633A426F756E64733E0A2020202020203C2F62706D6E64693A42504D4E53686170653E0A2020202020203C62706D6E64693A42504D4E53686170652062706D6E456C656D656E743D22757365727461736B32222069643D2242504D4E53686170655F757365727461736B32223E0A20202020202020203C6F6D6764633A426F756E6473206865696768743D2235352E30222077696474683D223130352E302220783D223235352E302220793D223233302E30223E3C2F6F6D6764633A426F756E64733E0A2020202020203C2F62706D6E64693A42504D4E53686170653E0A2020202020203C62706D6E64693A42504D4E53686170652062706D6E456C656D656E743D22757365727461736B33222069643D2242504D4E53686170655F757365727461736B33223E0A20202020202020203C6F6D6764633A426F756E6473206865696768743D2235352E30222077696474683D223130352E302220783D223235352E302220793D223332372E30223E3C2F6F6D6764633A426F756E64733E0A2020202020203C2F62706D6E64693A42504D4E53686170653E0A2020202020203C62706D6E64693A42504D4E53686170652062706D6E456C656D656E743D22656E646576656E7431222069643D2242504D4E53686170655F656E646576656E7431223E0A20202020202020203C6F6D6764633A426F756E6473206865696768743D2233352E30222077696474683D2233352E302220783D223239302E302220793D223432302E30223E3C2F6F6D6764633A426F756E64733E0A2020202020203C2F62706D6E64693A42504D4E53686170653E0A2020202020203C62706D6E64693A42504D4E456467652062706D6E456C656D656E743D22666C6F7731222069643D2242504D4E456467655F666C6F7731223E0A20202020202020203C6F6D6764693A776179706F696E7420783D223330372E302220793D2239352E30223E3C2F6F6D6764693A776179706F696E743E0A20202020202020203C6F6D6764693A776179706F696E7420783D223330372E302220793D223134302E30223E3C2F6F6D6764693A776179706F696E743E0A2020202020203C2F62706D6E64693A42504D4E456467653E0A2020202020203C62706D6E64693A42504D4E456467652062706D6E456C656D656E743D22666C6F7732222069643D2242504D4E456467655F666C6F7732223E0A20202020202020203C6F6D6764693A776179706F696E7420783D223330372E302220793D223139352E30223E3C2F6F6D6764693A776179706F696E743E0A20202020202020203C6F6D6764693A776179706F696E7420783D223330372E302220793D223233302E30223E3C2F6F6D6764693A776179706F696E743E0A2020202020203C2F62706D6E64693A42504D4E456467653E0A2020202020203C62706D6E64693A42504D4E456467652062706D6E456C656D656E743D22666C6F7733222069643D2242504D4E456467655F666C6F7733223E0A20202020202020203C6F6D6764693A776179706F696E7420783D223330372E302220793D223238352E30223E3C2F6F6D6764693A776179706F696E743E0A20202020202020203C6F6D6764693A776179706F696E7420783D223330372E302220793D223332372E30223E3C2F6F6D6764693A776179706F696E743E0A20202020202020203C62706D6E64693A42504D4E4C6162656C3E0A202020202020202020203C6F6D6764633A426F756E6473206865696768743D2231342E30222077696474683D2232342E302220783D2231302E302220793D22302E30223E3C2F6F6D6764633A426F756E64733E0A20202020202020203C2F62706D6E64693A42504D4E4C6162656C3E0A2020202020203C2F62706D6E64693A42504D4E456467653E0A2020202020203C62706D6E64693A42504D4E456467652062706D6E456C656D656E743D22666C6F7734222069643D2242504D4E456467655F666C6F7734223E0A20202020202020203C6F6D6764693A776179706F696E7420783D223330372E302220793D223338322E30223E3C2F6F6D6764693A776179706F696E743E0A20202020202020203C6F6D6764693A776179706F696E7420783D223330372E302220793D223432302E30223E3C2F6F6D6764693A776179706F696E743E0A20202020202020203C62706D6E64693A42504D4E4C6162656C3E0A202020202020202020203C6F6D6764633A426F756E6473206865696768743D2231342E30222077696474683D2232342E302220783D2231302E302220793D22302E30223E3C2F6F6D6764633A426F756E64733E0A20202020202020203C2F62706D6E64693A42504D4E4C6162656C3E0A2020202020203C2F62706D6E64693A42504D4E456467653E0A2020202020203C62706D6E64693A42504D4E456467652062706D6E456C656D656E743D22666C6F7735222069643D2242504D4E456467655F666C6F7735223E0A20202020202020203C6F6D6764693A776179706F696E7420783D223336302E302220793D223235372E30223E3C2F6F6D6764693A776179706F696E743E0A20202020202020203C6F6D6764693A776179706F696E7420783D223437352E302220793D223235372E30223E3C2F6F6D6764693A776179706F696E743E0A20202020202020203C6F6D6764693A776179706F696E7420783D223437352E302220793D223136372E30223E3C2F6F6D6764693A776179706F696E743E0A20202020202020203C6F6D6764693A776179706F696E7420783D223336302E302220793D223136372E30223E3C2F6F6D6764693A776179706F696E743E0A20202020202020203C62706D6E64693A42504D4E4C6162656C3E0A202020202020202020203C6F6D6764633A426F756E6473206865696768743D2231342E30222077696474683D2232342E302220783D2231302E302220793D22302E30223E3C2F6F6D6764633A426F756E64733E0A20202020202020203C2F62706D6E64693A42504D4E4C6162656C3E0A2020202020203C2F62706D6E64693A42504D4E456467653E0A2020202020203C62706D6E64693A42504D4E456467652062706D6E456C656D656E743D22666C6F7736222069643D2242504D4E456467655F666C6F7736223E0A20202020202020203C6F6D6764693A776179706F696E7420783D223235352E302220793D223335342E30223E3C2F6F6D6764693A776179706F696E743E0A20202020202020203C6F6D6764693A776179706F696E7420783D223134322E302220793D223335352E30223E3C2F6F6D6764693A776179706F696E743E0A20202020202020203C6F6D6764693A776179706F696E7420783D223134322E302220793D223236352E30223E3C2F6F6D6764693A776179706F696E743E0A20202020202020203C6F6D6764693A776179706F696E7420783D223134322E302220793D223136372E30223E3C2F6F6D6764693A776179706F696E743E0A20202020202020203C6F6D6764693A776179706F696E7420783D223235352E302220793D223136372E30223E3C2F6F6D6764693A776179706F696E743E0A20202020202020203C62706D6E64693A42504D4E4C6162656C3E0A202020202020202020203C6F6D6764633A426F756E6473206865696768743D2231342E30222077696474683D2232342E302220783D2231302E302220793D22302E30223E3C2F6F6D6764633A426F756E64733E0A20202020202020203C2F62706D6E64693A42504D4E4C6162656C3E0A2020202020203C2F62706D6E64693A42504D4E456467653E0A202020203C2F62706D6E64693A42504D4E506C616E653E0A20203C2F62706D6E64693A42504D4E4469616772616D3E0A3C2F646566696E6974696F6E733E, 0);
INSERT INTO `ACT_GE_BYTEARRAY` VALUES ('24', 1, 'leaveBill2.png', '22', 0x89504E470D0A1A0A0000000D49484452000002FE000001CC0802000000225D3BD500002D0049444154789CEDDD7D6C5B57FDC7F1686BA957312D88410302E6C11FB30434169BD4FE45DD221A2301B3C4B49AFD512C4D6CAD26468510A4A02D88AD44084684C6D4C1562C507F184D692DED81B0B62394B60B7D48D376DDBC3EACDEFA30AF4F7369D2DE264E727E37F67AE7DA896B27F7DCE3E3F37EE9ABC88DAFAFEFF5F1FD9E4FAF1FD2240000008CD1A47A03000000BC43F40100000621FA00000083107D00008041883E0000C020441F00006010A20F00003008D10700001884E80300000C42F40100000621FA00000083107D00008041883E0000C020441F00006010A20F00003008D10700001884E80300000C42F40100000621FA00000083107D00008041883E0000C020441F00006010A20F00003008D10700001884E80300000C42F40100000621FA00000083107D00008041883E0000C020441F00006010A20F00003008D10700001884E80300000C42F40100000621FA00000083107D00008041883E0000C020441F00006010A20F00003008D10700001884E80300000C42F40100000621FA00000083107D00008041883E0000C020441F00006010A20F00003008D10700001884E80300000C42F40100000621FA00000083107D00008041883E0000C020441F00006010A20F00003008D10700001884E80300000C42F40100000621FA00000083107D80BA6059563299ECE8E8884422A1ABC2E1B0FD9B442291CD66556F20003408A20FA0989D78EC88E3F3F9ECD063079DEEEE0D9BB7BC52A8175E7CE991471E8D46A3CDCDCD0B172E8CC7E3AA371600B447F4019419181808854276E2B123CE486EB4726DDBBE63F9F2EF0583C1DEDE5ED51B0E001A23FA006A747676DA3966F39657AE1B7A8A6BF79EFE458B16AD58B1C2B22CD57B00005A22FA005EB3534B341A6D6F6FAF29F414D71F9E7A2A140A653219D5BB0200FA21FA009EB273CFC2850B1389C4B4738FF3FA97BD9E743AAD7A87004033441FC053D16874E6B9C779F1CB4E3FBCF205003521FA00DEE9ECEC9CC9EB5CE5D5DDBD211289A8DE2D00D009D107F0C8C0C04030187431F714EA81071E5CBB76ADEA9D03006D107D008FD8B967F79E7ED7A3CFF113276FBBCDCFCB5E005025A20FE08564321989445CCF3D857AF8E11F767575A9DE4500D003D107F0422814AAF52B7C6A3AF1D3D2D2A27A1701400F441F40BA6C36DBDCDC2C29F7146AC182057D7D7DAA7714003440F401A48BC7E3B1584C6AF4797CCD9AF6F676D53B0A001A20FA00D2AD58B162EDDAB552A3CFE62DAF844221D53B0A001A20FA00D285C3E16AFE40E94CEAC8D1A3B7DDE657BDA300A001A20F209DA48FB517D7C5C1219FCFA77A47014003441F40BA969696E3274E4A8D3E763535713803C0F5D12B01E90281C06B070F127D00A01ED02B01E9A47EA90FEFF501809A107D00E962B1D8B3EBD6498D3EDBB6EF58B06081EA1D05000D107D00E9BABABA1E7EF88752A38F1DAD962FFF9EEA1D05000D107D00E9D2E9B4DFEF971A7DDADADA7A7A7A54EF28006880E8037841EA3B9D2F0E0E353737F3C7DB01A01A441FC00B525FF3FAED134FD82B57BD8B00A007A20FE005CBB2FC7EBF8C6FF7B9383874DB6DFE4C26A37A1701400F441FC0238944E2DE65CB38E503006A117D00EF7CFBEEBBBBBB37B8987B5E3B78B0B5B5F5E2E090EA3D03006D107D00EF64B3D9050B16B8F57EE73367CFD9B9E7C8D1A3AA770B007442F4013C954AA5ECF463E79599E79E6FDF7DF70B2FBEA47A87004033441FC06B030303ADADADDBB6EF98C9EB5C767E22F700C034107D0005B2D9ECA2458B1E79E4D13367CFD5147A2E0E0EFDF689270AAF9AA9DE0900D012D10750C3B22C3BFADC7147C08E3276A0A926F73CBB6E9DBDFCC30FFFD00E4CAA371F007445F40154CA6432AB56AD6A6E6EFEF6DD77DBC966F79EFE92B863FF66FDFAFFBB77D9327B99E5CBBF974EA7556F3200E88DE803A867595632998CC562ADADAD4DD7B27F63E79E442291CD66556F26003402A20F508FEC18A47A1300A031117D807AD4D4C4B1090052D05E817A44F401004968AF403D22FA008024B457A01E117D004012DA2B508F883E002009ED15A847441F009084F60AD423A20F0048427B05EA11D1070024A1BD02F588E8030092D05E817A44F401004968AF403D22FA008024B457A01E117D004012DA2B508F883E002009ED15A847441F009084F60AD423A20F0048427B05EA11D1070024A1BD02F588E8030092D05E817A44F401004968AF403D22FA008024B457A01E117D004012DA2B508F883E002009ED15A847441F009084F60AD423A20F0048427B05EA11D1070024A1BD02F588E8030092D05E817A44F401004968AF403D22FA008024B457A01E117D004012DA2B508F883E002009ED15A847441F009084F60AD423A20F0048427B05EA11D1070024A1BD02F588E8030092D05E817A44F401004968AF403D22FA008024B457A05E2412093BF1F87CBE6030685F686969B17FCE9D3B37954AA9DE3400681C441FA05E6CDCB8B1A9CCE2C58B93C9A4EA4D0380C641F401EA85655973E6CC29CE3DF3E7CF6F6969C966B3AA370D001A07D107A823AB57AF9E356B96137D56AE5CD9DEDEAE7AA300A0A1107D80FA326FDEBC42EE59B66C99DFEFB72C4BF51601404321FA00F565EBD6ADB367CFB6A34F381CE65D3E00E03AA20F5077962C5952883EAA3704001A10D107A83B994CC68E3E7CA61D006420FA00F588AF3404004968AFC0872CCB4A2412D16834140AF9FDFEF26FD93184BDEFF623108944E2F1381FAD07D060883EC0077A7A7AEC29DFCE3DEBD7AFDFBC65CB91A34747723933CBDE77FB11E8EEEE5EBE7CB9FD98D80148F5E000806B883E80C866B3B158ACADADEDF889E323B911AAB8CE9C3D630720FBC1C96432AA070A005C40F481E9ECDC130C069F5DF7CC486E989AAA5E78F185050B16A4D369D5C305003345F481E962B1583EF75CA12AD7E62D9B162DFAAAEAE102809922FAC0683D3D3D6D6D4B73A316554DFDE4A73F5EB3E631D58306003342F481B92CCBF2FBFD274EA673A397A96A6A70E8FDD6D6F97CE11000AD117D60AE783C1E8BC572A3979C5A1CFE66951FFF2EBE9551B566CD2FF98BAA00B446F481B9229148F786BF7F987B96B6BD2BC4DB63E2704EBC3E2CF60D8BDD83A35D1B5E79F9E4859D23E2BF96D869896D97C4A62BE2F7DB0E3CB0E241E5294449EDE9EF0B0683AA870E00A68FE803730502818307F7E646870AD5D4D43428C4D0B8B8302ACE8F884B42FCE8678F36DDF0D1854B232773E2F8B0387E45A42D7164543CF7EABEFC899F21036B70E89CCFE7533D7400307D441F98ABB9B9F9ECB993B9D1C142D969E6D298181E9BB86A747CE2E7F32FFDF3D35FF8D2CF1FFFEDA8101747C5859C389F13592136EDDA9F8F3E836656137F640380CE686130573EBE5C74CAFEE7D0A83877598C8C7DB040369BFDDD934F3FF69B278F9F9AF836BFDCB818C947A21D7BF695DCD6A822FA00D01A2D0CE6CAC797FF3935117DC6C4994BE2BD4191136264783870C71D4D4D373635F9EEF9EEF2E21BEEEEDF5B725BA38AE803406BB430982B1F5F2E385578C1EBDC6571EAA2387D45EC3EF8D6BC79F36E9CF5919B6EB9357ADF35D167D79EFE92DB1A55441F005AA385C15CF9F89275CAFEE7E57171DE9A38EB73E68AD8B22BF5E5D63B6FFDC4276F69FED8D37F79EE8A1083C3E2D2F0C40DB7F5ED2AB9AD5145F401A0355A18CC654FE1A3A3EF3B5598D1EDF4732127DE1F11A72EE6761C48B77EE5AEC55FFFC6E961F19E254E5BE2DCB0B0C3CFB69DBB4A6E6B54117D00688D16067395C497D0E245FBDF38BCFB40AA6F20B5BD3FB57DEFA11DFB8FFE6BE7EBAF1E38B6B5FFD07FFADFDCBEF7CDBE7D870E1C7EE7A93FAEBB77D9BDCA2308D10700A681160673E5A3CFF9E27AE8A107ABF92AE7EFDC734FC90D8D2AA20F00ADD1C260AE7CF43947D55A441F005AA385C15C13D167EC2C556B117D00688D160673E5A3CF19AAD622FA00D01A2D0CE6CA479FD354AD45F401A0355A18CC958F3EEF51B516D10780D6686168708944229D4E4F7A553EFA64A85A6BAAE853E1A10680FA41F441233B74E850E1E3E837DF7C73777777C9B5441F57A24F369BBDEFBEFB0A8FF3A73EF529D20F803A47F44123B32CEB861B6E28CCCAB367CFFEE217BF583C31E7A3CFBB54AD551C7DD6AE5DEBF3F90A8FB07DA1A5A52593C928186900A81AD1070DCE9E8C8BBF8DF0A69B6EBAFFFEFBED4824F2D1676CEC14556B15A24F2A95FAFCE73F5FFCD82E5CB8D0EFF7AB1E7000B80EA24F23B027F2DEDEDE8E8E8ED055F60C54CDB712636CEC24556BD98F9BFD1C533D74DAB00F46E7C0B40FD29E9E9E6C36ABBA67004623FAE8CD4E3C9148C4E7F315BA6AEF55BCDFC271CB2DB738935024CF7EAC52A994F8E0ACCF09AAD66ACA9FF5B19F635FFBDAD73EFBD9CF3A0FEFCD37DF1C0C06550F78DDB11F28E7C0B40FD27038DCDCDC6C3F0993C9A4EA4D030C45F4D155269329FC3F92065A81FDDFEBC2AC1C0804BEFFFDEFDB3F138984736D3EFA1C9751CE9A4B4E00545EB89A155EF7F7F276AAF82E9CC7B0A7A7E7B6DB6EFBCC673E53D8C13973E6145E4C446585FFB4D849B190C2017889E8A3257BBEB16771BB7BAADE907AF7F6DB6FFB7C3EFBFFD97EBFBFBDBDBDE485867C4A784746396B2EBE8BE25F56566185535D55E57ADCDABBE287D1CE3A1D1D1D9FFBDCE7EC89DCFE393030E0ED206BCC7EACEC07AD388E03F000D1473FC96432140AF176812AD90F573C1E9FF4154019E1A0247954CE229306A34957557DA6919778A68A3E05F6236C3FCE9C83AC951D1CA3D1A8FDD0A9DE10C020441FCDD8138CFDDF44728F2BF229E16D19E5ACB9F82E4AEEAEFCDE2B2C50613DCE2F274B48B2F64EF5D035143BFDD8FF99E9EBEB53BD21802968619A59B870212DD22D13E1603C2DA33E481E572F7C98458A16707E56F8CD94677DAEBD9792BB96B453C577A17AE81A8DFD5F9A4020C0DBA4006FD0C274924C26239188EAAD681CF99470CCF5BA9A482A2D5072A1E472E56B27BD3C4542727FEF0AF7A57AE81AD0AA55ABBABABA546F0560045A984EC2E1704F4F8FEAAD681CF970F096BB5558A7F373B23852BA70F9E5CAD7D67A59C63EAA1EBA06944AA5028180EAAD008C400BD346269369696951BD150D259F0F8ECA2867CD850B15EEA8C202155FF02ABDA3F2E525ED5AE18E540F5D63E2E56CC01BB4306DF06A97EBF2F9E0888C72D65CB85014472A2D5CCD0A27FD7DF1CFEAD73993BD533D748D89D7BC006FD0C2B4415B745D3E1F1C965185353B3FA7BA23E7AA0ACB14AFB0C21A9CCB45314BCAAE15EE48F5D03526FE7B03788316A68D5028C47718BA4B463E98347C94FC72AA745221B554883ED7BD4CF4D1056FF701BC410BD306EF03709D3D858F8F1FA26A2DA28F24E974DAEFF7ABDE0AA0F1D1C2B461F744FE28A9BBF2D1E74DAAD622FAC8C3630B7880C34C1BCDCDCD7C89B3BBF2D12745D55A4CCFF2F0D8021EE030D3063DD175F9E8F306556BF1549487C716F000879936E889AEF3F97C972FEF1D1F7F9DAAA9782ACAC3630B7880C34C1BF444D7F9FDFE63C75E1E1F3F48D5543C15E5E1B1053CC061A60D7AA2EBC2E1F03F7AD68E8BD7A8EAEB8DD4F37C005B1E0E73C0031C66DAA027BAAEB3B3B3BDFD7EE56142AFFA73FCF1582CA67AE81A168739E0010E336DD0135D974EA70381DB2F5BBBC7C501AACA8A4496249349D543D7B038CC010F709869839E2843C78415E3623F554DFD2DF1EB6834AC7AD01A198739E0010E336DD01365B02C2B14BAABAFEFAF42ECA32A5726B32510B83D9BDDA67AD01A198739E0010E336DD0132549A552C1E01DA9545288016AAAB2738F9D117B7B9F513D5C0D8EC31CF000879936E889F2F4F5F5D9E9A7B3F30742ECA5CA2B997C2210F0F7F6FE49F540353E0E73C0031C66DAA0274A6559567B7B2C14BA331EFF4526B349887E2A9BFD7722F1AB68B42D1209D997550F911138CC010F709869839EE881DEDEDE58EC5B2D2D1F6F42535373F3CDD1E8523BFDA81E168334719803F2719869839E6814BE3BC74C1CE6800738CCB4414F340AC36D26C61DF000879936E8894661B8CDC4B8031EE030D3063DD1280CB7991877C0031C66DAA0271A85E13613E30E7880C34C1BF444A330DC6662DC010F709869839E681486DB4C8C3BE0010E336DD0138DC2709B8971073CC061A60D7AA251186E3331EE800738CCB4414F340AC36D26C61DF000879936E8894661B8CDC4B8031EE030D3063DD1280CB7991877C0031C66DAA0271A85E13613E30E7880C34C1BF444A330DC6662DC010F709869839E681486DB4C8C3BE0010E336DD0138DC2709B8971073CC061A60D7AA251186E3331EE800738CCB4414F340AC36D26C61DF000879936E8894661B8CD5479DC9B8A942C5C72B902791B0FE882C3401BF42CA330DC66AA72DC9DC5CA3350E595F0BC0204D14723F42CA330DC66BAEEB84F7ABE87E803D484C3401BF42CA330DC66AA35FA945F285EA6FC752E9E578020FA68849E651486DB4C35459FA94EF654782710CF2B40107D3442CF320AC36DA66AA2CFA46F589EF4AC4FF9B53CAF0041F4D1083DCB280CB799AA1FF7A95EF912BCE0055C0F878136E8594661B8CD54CDB817A7990AAF7C71D607980A878136E8590D2F9148D8A3ECF3F982C1A07DA1A5A5C5FE3977EEDC542AA57AD3E091CA87F9A4E76FCA6FC227BC80CA380CB441CF6A781B376E6C2AB378F1E26432A97AD3E091E9BDE0557ED6A702D7B719D00E878136E8590DCFB2AC3973E614CF52F3E7CF6F6969C966B3AA370D1EA9FE6DCEA2EC25AD6A5ED5A28D0082E8A3117A960956AF5E3D6BD62C677A5BB972657B7BBBEA8D827738CC010F709869839E688879F3E61572CFB265CBFC7EBF6559AAB708DEE130073CC061A60D7AA221B66EDD3A7BF66C7BB8C3E130EFF2310D8739E0010E336DD013CDB164C99242F451BD21F01A8739E0010E336DD013CD91C964ECE1E633ED06E230073CC061A60D7AA251186E3331EE800738CCB4414FF48065598944221A8D864221BFDF5FF9FB511A98BDEFF623108944E2F1381FADF752138739201F879936E889B2F5F4F4D853BE9D7BD6AF5FBF79CB9623478F8EE4726696BDEFF623D0DDDDBD7CF972FB31B10390EAC131058739E0010E336DD013E5C966B3B158ACADADEDF889E323B911AAB8CE9C3D630720FBC1C96432AA07AAF17198031EE030D3063D51123BF70483C167D73D33921BA6A6AA175E7C61C18205E9745AF57035380E73C0031C66DAA0274A128BC5F2B9E70A55B9366FD9B468D157550F5783E330073CC061A60D7AA20C3D3D3D6D6D4B73A316554DFDE4A73F5EB3E631D583D6C838CC010F709869839EE83ACBB2FC7EFF8993E9DCE865AA9A1A1C7ABFB5753E5F38240F8739E0010E336DD0135D178FC763B1586EF492538BC3DFACF2E3DFC5B732AAD6ACF9257F51551E0E73C0031C66DAA027BA2E1289746FF8FB87B96769DBBB42BC3D260EE7C4EBC362DFB0D83D38DAB5E195974F5ED83922FE6B899D96D876496CBA227EBFEDC0032B1E549E4294D49EFEBE6030A87AE81A168739E0010E336DD0135D1708040E1EDC9B1B1D2A94FD080F0A31342E2E8C8AF323E292103FFAD9A34D377C74E1D2C8C99C383E2C8E5F11694B1C1915CFBDBA2F7FE267C8C01A1C3AE7F3F9540F5DC3E230073CC061A60D7AA2EB9A9B9BCF9E3B991B1D2C94FD085F1A13C36313578D8E4FFC7CFEA57F7EFA0B5FFAF9E3BF1D15E2E2A8B89013E773222BC4A65DFBF3D167D0CCE2A9280F8F2DE0010E336DD0135D978F2F179DB2FF39342ACE5D1623631F2C90CD667FF7E4D38FFDE6C9E3A726BECD2F372E46F29168C79E7D25B735AA782ACAC3630B7880C34C1BF444D7E5E3CBFF9C9A883E63E2CC25F1DEA0C80931323C1CB8E38EA6A61B9B9A7CF77C7779F10D77F7EF2DB9AD51C553511E1E5BC0031C66DAA027BA2E1F5F2E385578C1EBDC6571EAA2387D45EC3EF8D6BC79F36E9CF5919B6EB9357ADF35D167D79EFE92DB1A553C15E5E1B1053CC061A60D7AA2EBF2F125EB94FDCFCBE3E2BC3571D6E7CC15B16557EACBAD77DEFA894FDED2FCB1A7FFF2DC15210687C5A5E1891B6EEBDB55725BA38AA7A224994CA6A5A545F556008D8F16A60DE61BD7D90FE9E8E8FB4E151E613BFD5CC889F747C4A98BB91D07D2AD5FB96BF1D7BF717A58BC6789D39638372CECF0B36DE7AE92DB1A553C152549A7D37EBF5FF556008D8F16A60DE61BD795C497D0E245FBDF38BCFB40AA6F20B5BD3FB57DEFA11DFB8FFE6BE7EBAF1E38B6B5FFD07FFADFDCBEF7CDBE7D870E1C7EE7A93FAEBB77D9BDCA2308D1A7C1F4F4F484C361D55B01343E5A9836986F5C978F3EE78BEBA1871EACE6AB9CBF73CF3D253734AA782A4AD291A77A2B80C6470BD306F38DEBF2D1E71C556BF15494241C0EF7F4F4A8DE0AA0F1D1C2B4C17CE3BA89E8337696AAB5782ACA90C964FC7EBF6559AA3704687CB4306D30DFB82E1F7DCE50B5164F4519BABABA56AD5AA57A2B0023D0C2B4C17CE3BA7CF4394DD55A3C155D675996DFEFCF6432AA370430022D4C1BCC37AECB479FF7A85A8BA7A2EB62B1583C1E57BD1580296861DA60BE715D3EFA64A85A8BA7A2BBBABABA56AC58A17A2B0083D0C2B4C17CE33AA20FD1472DCBB262B118B907F0182D4C1BCC37AECB479F77A95A8BA7E2CC65B3D9AEAE2EBFDFCFEB5C80F76861DA60BE719DFD908E8D9DA26A2D9E8AD3D6DBDBDBD9D9198944ECD0B36AD52ADED70C28410BD306F38DEBF2D1E724556BD98F5B2814AAE66BAF51C27EDCDADBDB93C964369B55FDF407CCC56CAA8D26A28FDB9A26A2CF09AAD6E2A908406BB4306D30DFB82E1F7D8ECFBC0AEB29FF2F7EF93293DEB0FADF57B98C7355F905B7F657F5D001C0F4D1C2B4C17CE3BA7C207867E655BE9E0ABF992C215D7F8593DE70AAF514DF578515CE647F550F1D004C1F2D4C1BCC37AE732510549333A6BA6AAA0DA83E0F955C5B9284883E00508E16A68DCAF34DF19C57B270C9E50AE46D7C7DCA0782B76752CE1A8A2F5C4D1E532E537E5595BFAF729949B7AACAD556B9D7AA870E00A68F16A68D2AE71B67B1F20C54792506CE671351603C3D93FA30E85CFD67F155532D73CDB99929565BF9EECA4D7A73E7AA0AF735BDBD563D7400307DB4306D5C77BE29CF3AE5E772883EC5F269E0D8CCABB09EF2B539BF29BEEABA773AD5DA2AACA764E1AB4167F20D70657F550F1D004C1F2D4C1BB5469FF20BC5CB14AB72FD8D271F08DE9A611556E2FCBCF64CCC870B145F5BFD0ACBAF9AFAACCF2477517EC19532F0A902A091D0C2B45153F499EA64CFA46786AA5C7FE3C90782A333A9A2A871CD2F2B2C73DD85A7BAAAC2B553AD64AA3B9DF95EAB1E3A00983E5A9836AA893E252772CA6F48F429960F04475CA9ABE1E683CB9597ACF29FE5EBA978D6679295142E380BB8B5BF063E550034125A9836AA9F6F9AA678E54BF082D7B5F251E0F04CAA28795CF3CBA9962CBFB6F89FE537ACB085D55C5572A733DF5F67B5AA870E00A68F16A68D6AE69BE234537E8267D25F127DDCAA294EC67C983FA65A72D265CA335335D1A7248A956420A20F0008A28F462ACF37939EBF29BF49859518389FD9BB3C3E7E88AAB50C7CAA006824B4306D543FDF543EEB5381EBDB5CE7F2D1E74DAAD632F0A902A091D0C2B471DDF9A6FCD5AEE2DF5F772506CE67F9E893A26A2D039F2A001A092D4C1BCC37AECB479F37A85A8BA72200ADD1C2B4C17CE33A9FCF77F9F2DEF1F1D7A99A8AA72200ADD1C2B4C17CE33ABFDF7FECD8CBE3E307A99A8AA72200ADD1C2B4C17CE3BA7038FC8F9EB5E3E235AAFA7A23F57C2010503D7400307DCCA6DA20FAB8AEB3B3B3BDFD7EE56142AFFA73FCF1582CA67AE80060FA984DB541F4715D3A9D0E046EBF6CED1E1707A82A2B1259924C26550F1D004C1FB3A936883E32744C58312EF653D5D4DF12BF8E46C3AA070D006684D9541B441F192CCB0A85EEEAEBFBAB10FBA8CA95C96C09046ECF66B7A91E3400981166536D107D2449A552C1E01DA9545288016AAAB2738F9D117B7B9F513D5C003053CCA6DA20FAC8D3D7D767A79FCECE1F08B1972AAF64F28940C0DFDBFB27D50305002E6036D506D1472ACBB2DADB63A1D09DF1F82F32994D42F453D9ECBF13895F45A36D9148C8BEAC7A8800C01DCCA6DA20FA78A0B7B73716FB564BCBC72BFF9D57433437DF1C8D2EB5D38FEA61010037319B6AA389E86312BE3B0700246136D506D1C7280C370048427BD50673A151186E009084F6AA0DE642A330DC002009ED551BCC854661B8014012DAAB36980B8DC270038024B4576D30171A85E106004968AFDA602E340AC30D0092D05EB5C15C6814861B0024A1BD6A83B9D0280C370048427BD50673A151186E009084F6AA0DE642A330DC002009ED551BCC854661B8014012DAAB36980B8DC270038024B4576D30171A85E106004968AFDA602E340AC30D0092D05EB5C15C6814861B0024A1BD6A83B9D0280C370048427BD50673A151186E009084F6AA0DE642A330DC002009ED551BCC854661B8014012DAAB36980B8DC270038024B4576D30171AA59AE1769629BF30D5C23C8B00803EA80D262DA3CC3CFA94641DA20F0014D007B5C1A46594CAC3DD54444C7DD6A7788172D2B61D00EA1AED4F1BCC554699C9599FEB9EFB010093D107B5C1A465945AA34FF1D99D9205263DE5C3D30980B1687FDA60AE324A95D1E7BA2F784D7501008C451FD406939651AA7CAF4FC9C225A77C883E00508E3EA80D262DA3B8F2E1F69257C478C10B0004D14723CC55469946F4A9F0FA17677D00C0411FD406939651A6FD366741F401808AE883DA60D232CAB4DFEB33E98B59BCE005000EDA9F3698AB1A5E2291B047D9E7F3058341FB424B4B8BFD73EEDCB9A9544AF5A60140E36036D506D1A7E16DDCB8B1FCDCCCE2C58B93C9A4EA4D0380C6C16CAA0DA24FC3B32C6BCE9C39C5B967FEFCF92D2D2DD96C56F5A60140E36036D506D1C704AB57AF9E356B96137D56AE5CD9DEDEAE7AA300A0A1309B6A83E8638879F3E61572CFB265CBFC7EBF6559AAB708001A0AB3A936883E86D8BA75EBECD9B3EDE10E87C3BCCB07005CC76CAA0DA28F39962C5952883EAA3704001A10B3A936883EE6C86432F670F39976009081D9541B441FA330DC002009ED551BCC851EB02C2B914844A3D15028E4F7FB27FD126413D8FB6E3F029148241E8FF3D17A000D86D9541B4D441FC97A7A7AEC29DFCE3DEBD7AFDFBC65CB91A34747723933CBDE77FB11E8EEEE5EBE7CB9FD98D80148F5E000806B984DB541F491279BCDC662B1B6B6B6E3278E8FE446A8E23A73F68C1D80EC072793C9A81E28007001B3A936883E92D8B927180C3EBBEE9991DC303555BDF0E20B0B162C48A7D3AA870B00668AD9541B441F4962B1583EF75CA12AD7E62D9B162DFAAAEAE10280996236D506D147869E9E9EB6B6A5B9518BAAA67EF2D31FAF59F398EA410380196136D506D1C7759665F9FDFE1327D3B9D1CB54353538F47E6BEB7CBE700880D6984DB541F4715D3C1E8FC562B9D14B4E2D0E7FB3CA8F7F17DFCAA85AB3E697FC4555005A6336D506D1C7759148A47BC3DF3FCC3D4BDBDE15E2ED317138275E1F16FB86C5EEC1D1AE0DAFBC7CF2C2CE11F15F4BECB4C4B64B62D315F1FB6D071E58F1A0F214A2A4F6F4F7058341D5430700D3C76CAA0DA28FEB0281C0C1837B73A34385B21FE1412186C6C58551717E445C12E2473F7BB4E9868F2E5C1A399913C787C5F12B226D8923A3E2B957F7E54FFC0C19588343E77C3E9FEAA10380E96336D506D1C775CDCDCD67CF9DCC8D0E16CA7E842F8D89E1B189AB46C7277E3EFFD23F3FFD852FFDFCF1DF8E0A7171545CC889F339911562D3AEFDF9E8336866F15404A0355A9836986F5C978F2F179DB2FF39342ACE5D1623631F2C90CD667FF7E4D38FFDE6C9E3A726BECD2F372E46F29168C79E7D25B735AA782A02D01A2D4C1BCC37AECBC797FF3935117DC6C4994BE2BD4191136264783870C71D4D4D373635F9EEF9EEF2E21BEEEEDF5B725BA38AA72200ADD1C2B4E1F3F92CCB52BD150D251F5F2E385578C1EBDC6571EAA2387D45EC3EF8D6BC79F36E9CF5919B6EB9357ADF35D167D79EFE92DB1A55441F005AA38569C3EFF7F36704DC958F2F59A7EC7F5E1E17E7AD89B33E67AE882DBB525F6EBDF3D64F7CF296E68F3DFD97E7AE0831382C2E0D4FDC705BDFAE92DB1A55441F005AA3856923180C0E0C0CA8DE8A86624FE1A3A3EF3B5598D1EDF4732127DE1F11A72EE6761C48B77EE5AEC55FFFC6E961F19E254E5BE2DCB0B0C3CFB69DBB4A6E6B54117D00688D16A68D5028D4DBDBAB7A2B1A4A497C092D5EB4FF8DC3BB0FA4FA0652DBFB53DBF71EDAB1FFE8BF76BEFEEA81635BFB0FFDA7FFCDED7BDFECDB77E8C0E1779EFAE3BA7B97DDAB3C82107D00601A6861DA88C562F1785CF55634947CF4395F5C0F3DF460355FE5FC9D7BEE29B9A15145F401A0355A98360A7F7541F55634947CF43947D55A441F005AA3856923954A050201D55BD15026A2CFD859AAD622FA00D01A2D4C27BCD3D95DF9E87386AAB5883E00B4460BD3495757D7AA55AB546F45E3C8479FD354AD45F401A0355A984E2CCBF2FBFD994C46F58634887CF4798FAAB5883E00B4460BD34C6F6F6F281452BD150D221F7D3254AD45F401A0355A987E3A3A3A78D9CB15441FA20F0003D1C2B4D4DEDE1E0E87B3D9ACEA0DD15B3EFABC4BD55A441F005AA385E9AAA7A7C7EFF7777474F0D69F69B3A7F0B1B15354AD45F401A0355A98C6B2D9AC1D7DEC00140E87ED0B92FECC45AF4BE2F178874B422EC9479F9354AD45F401A0355A98F62CCBEAE9E92904826AFE0843ADDCCA19B158CCADE8E3561ACB479F1354AD45F401A0355A18CC958F3EC7A556E5BB28BEB6FA25A7BAAAFC82BC9D523D7400307DB430982B1F11DE915AC57731E9DD157E597ED575CFC695AFB6FC82BC9D523D7400307DB430984B5244B86E58A966B1CADBE604A6E25B117D00A01AB430982B1F11DE965A85BB98F48EAAFF6585DF175F557241DEDE117D00688D1606734D8483F1B4BB75FD17AA8A969CF4E6D5AC6AD29B3857952FE3FA3EAA1E3A00983E5A18CC95CF07C7A45685BB983AD64C72DBA92E3BEB29FEBDECFD22FA00D01A2D0CE6CA4784B7E495B3FEABE9A4E69B4F1D8FAE59A0FCEE64EF97EAA10380E9A385C15CF9887054525D9B54A65CC6F9597CA1FC9F535D9EF4E652F7ABB07ED5430700D3470B83B9F211E1888C2AACB964FDC5FF2C59A0FC42E1F2D4677D2659ADB3CE49EFDDDDBD533D7400307DB430982B1F0E0EBB5B5793C707974BAE2AB93CE902936E55854D2DBEBBE235C8D83BE78E540F1D004C1F2D0CE692170E8AB3C8B5676B26092BE50B54197DAEBB5AA20F0094A385C15CF6143E3E7E88AAB5883E00B4460B83B9F2D1E74DAAD622FA00D01A2D0CE6CA479F14556B117D00688D160673E5A3CF1B54AD45F401A0355A18CCE5F3F92E5FDE3B3EFE3A5553117D00688D160673F9FDFE63C75E1E1F3F48D554441F005AA385C15CE170F81F3D6BC7C56B54F5F546EAF94020A07AE80060FA883E30576767677BFBFDCAC3845EF5E7F8E3B1584CF5D001C0F4117D60AE743A1D08DC7ED9DA3D2E0E50555624B224994CAA1E3A00983EA20F8CD63161C5B8D84F55537F4BFC3A1A0DAB1E34009811A20F8C6659562874575FDF5F85D84755AE4C664B20707B36BB4DF5A001C08C107D60BA542A150CDE914A258518A0A62A3BF7D819B1B7F719D5C305003345F401445F5F9F9D7E3A3B7F20C45EAABC92C92702017F6FEF9F540F1400B880E8034CB02CABBD3D160ADD198FFF2293D924443F95CDFE3B91F85534DA168984ECCBAA870800DC41F4013ED4DBDB1B8B7DABA5E5E34D686A6A6EBE391A5D6AA71FD5C302006E22FA00F588EFCE010049883E403D6AE28F4500801CB457A01E117D004012DA2B508F883E002009ED15A847441F009084F60AD423A20F0048427B05EA11D1070024A1BD02F588E8030092D05E817A44F401004968AF403D22FA008024B457A01E117D004012DA2B508F883E002009ED15A847441F009084F60AD423A20F0048427B05EA11D1070024A1BD02F588E8030092D05E817A44F401004968AF403D22FA008024B457A01E117D004012DA2B508F883E002009ED15A847D5441F6799F20B532D4CA20200FA20508F661E7D4AB20ED107000AE883403DAA9C519A8A88A9CFFA142F504EDAB603405DA3FD01F56826677DAE7BEE07004C461F04EA51ADD1A7F8EC4EC902939EF22103013016ED0FA84755469FEBBEE035D5050030167D10A84755BED7A764E192533E441F0028471F04EA912B1F6E2F79458C17BC0040107D80FA348DE853E1F52FCEFA0080833E08D48B44226147139FCF170C06ED0B2D2D2DF6CFB973E7A652A949979FF46DCE82E8030015D107817AB171E3C6F297A5162F5E9C4C264B96ACF05E9F495FCCE2052F0070D0FE807A6159D69C39738AD3C9FCF9F35B5A5AB2D9ACEA4D0380C641F401EAC8EAD5AB67CD9AE5449F952B57B6B7B7ABDE28006828441FA0BECC9B37AF907B962D5BE6F7FB2DCB52BD4500D050883E407DD9BA75EBECD9B3EDE8130E87CBDFE503009821A20F5077962C5952883EAA3704001A10D107A83B994CC68E3E537DA61D003013441FA01EF1E173009084F60AD405CBB292C9644747472412095D150E87EDDFC4E3F14C26A37A0301A041107D00C5ECC463C79D49BF75B05830185CBB762D1FF802801922FA00CAF4F6F62E5CB8F0BAA1A798DFEFE7635F003013441F4001CBB262B158F9799D9FFCE4A7DDDD1B366F79C5A9471E79B4ADADAD64C94824C2573C03C0F4107D00AF65329992933D0F3FFCC323478F8EE446A7AA3367CFFDE1A9A70A7FD0D439FD333030A07A5700403F441FC053E974DA4E2D4E820987C395434F49007AE491479DDBFA7CBEBEBE3ED53B04009A21FA00DEB12CABF87CCFE36BD654197A8A6BFDFAFFB3438F73EE870F7F01404D883E8077A2D1A8937BBABB374C23F7146AF79EFEE6E6E6C27A42A190EADD02009D107D008F2493C9199EEF29AE175E7CC9595B575797EA9D03006D107D008F048341E7FD3D33CC3D8572DEF7D3D2D2C2F7FD004095883E8017128984F3DEE4E3274EBA127D2E0E0E399FF95AB56A95EA5D04003D107D002F844221E773ECAEE49E423DBB6E5D61B5CDCDCDAA771100F440F401A4CB66B3CEFB72DC3AE5E3D46DB77DF051F9DEDE5ED53B0A001A20FA00D2C5E371E7D358EEE61EBB1E78E0C1C2CADBDBDB55EF28006880E80348B762C50AB73ED8555E9BB7BC5258F9C2850B55EF28006880E80348170E870BE9E485175F723DFA1C397AD4F97A43D53B0A001A20FA00D2391F6BDFBDA7DFF5E86397F34622D53B0A001AA05702D2391F41AFFECF75D554CEFA55EF280068805E09481708040AD1E4B5830765441FE74F7AA9DE5100D000BD1290CEF9529FCD5B5E713DF79C397B8EAFF60180EA117D00E962B158219DFCE1A9A75C8F3EAF1D3C585879301854BDA300A001A20F205D676767219D2C5FFE3DD7A3CFE36BD614561E8D4655EF28006880E80348974AA59CD7A42E0E0EB91B7D162D5A5458793C1E57BDA300A001A20FE005BFFF833F37D1DDBDC1C5DCE37CA98F2D9BCDAADE4B00D000D107F0427B7B7B21A0B4B6B6BA78E2E7DB77DF5D586D241251BD8B00A007A20FE0856C36EB7CFB8E5B7FCE62DBF61DCE299F818101D5BB08007A20FA001EE9EAEA2AC4149FCF37F34FB91F397AD4C9522B56AC50BD7300A00DA20FE09D850B1716C28A9D5A66F2CDCE1707875A5B5B9D55653219D57B0600DA20FA00DE49A7D3CDCDCD4E6499DE9FF43A7EE2A4937B7C3E5F6F6FAFEADD02009D107D004FD949C579838E1D5C6AFD92C36DDB7738AF73D9BABABA54EF10006886E803782D994C3AE77E0A9FF97AE1C597AA39D973EFB2654D45C83D00300D441F4081542AE5FC4D5327003DF2C8A3E57FDFD44E3C7F78EAA9B6B6B6E285EDE4C4EB5C00303D441F408D6C36DBD1D1E1FCD1F5120B162C98EAAA6834CAFB9A0160DA883E804A768871FEB8E9758542A1BEBE3ED59B0C007A23FA00EA5996954824EC0C140C064BE28EDFEF8F44226BD7AEE54C0F00B882E80300000C42F40100000621FA00000083107D00008041883E0000C020FF0FD6724F81D9B1FE2E0000000049454E44AE426082, 0);
INSERT INTO `ACT_GE_BYTEARRAY` VALUES ('3', 1, 'leaveBill.png', '1', 0x89504E470D0A1A0A0000000D49484452000002C3000001B808020000002FE37D8A0000247A49444154789CEDDD6F6C53D7FDC7716B85E1A14DCDB46E89F6A4AEF6003FD888B5560A8F868334E249DB6A6955E3ED01B334A90555EBAA69EAC226CAB49645D3DAA1A943746B99B589DF3C55014BA55D564897B14033FE8400A5758114B701EA02A16624E492D8F1F9DD5CC3E5E2C4C676E29C7377DE2F7D1519FBDEEB7B72D4EFF9D48EAF3D020000A0561ED9270000005C8C240100006A4792000000B52349000080DA9124000040ED48120000A07624090000503B92040000A81D49020000D48E240100006A4792000000B52349000080DA9124000040ED48120000A07624090000503B92040000A81D49020000D48E240100006A4792000000B52349000080DA9124000040ED48120000A07624090000503B92040000A81D49020000D48E240100006A4792000000B52349000080DA9124000040ED48120000A07624090000503B92040000A81D49020000D48E240100006A4792000000B52349000080DA9124000040ED48120000A07624090000503B92040000A81D49020000D48E240100006A4792000000B52349000080DA9124000040ED48120000A07624090000503B92040000A81D49020000D48E240100006A4792000000B52349000080DA9124000040ED48120000A07624090000503B92040000A81D49020000D48E240100006A4792000000B52349004A300C2391486CDCB8311C0E076F0A8542E63DF1783C93C9C83E4100981D490290CC0C106662F07ABD668630734357D78E3D3D6F146AD7ABAF6DD8F054241269686858B162452C16937DB200508C240148333838180C06CD00612686C96CAE7CF5EDDBBF66CDF70381406F6FAFEC1307805B4812801C9D9D9D662CD8D3F3C61D3384B30E1D1E58B972E5DAB56B0DC3903D020098469200169A19022291484747475519C259BFDFB225180CA6D369D94301009204B0B0CC18B162C58A783C5E738CB0DFEC308F934AA5640F0880EE4812C0828A4422738F11F63B1D6698E06D0E007291248085D3D9D939973735665657D78E70382C7B5800B446920016C8E0E060201098C71851A8471E7974EBD6ADB20707405F240960819831E2D0E181794F12C367CFDD7BAF8FF73800C8429200164222910887C3F31E230AF5F8E33FDABC79B3EC2102D01449025808C160B0DA4B4754F5B244535393EC2102D0144902A8BB4C26D3D0D050A71851A8969696FEFE7ED90305A02392045077B1582C1A8DD635493CB36953474787EC8102D0114902A8BBB56BD76EDDBAB5AE49624FCF1BC16050F64001E8882401D45D2814AAE43BBAE652A78786EEBDD7277BA00074449200EAAE4E9FFF74D6D5D131AFD72B7BA00074449200EAAEA9A969F8ECB9BA2609B33C1EFE73062001AD07A83BBFDFFFD68913240900FF93683D40DDD5F56212FC9D0400B9481240DD45A3D197B66DAB6B92E8DBB7BFA5A545F64001E8882401D4DDE6CD9B1F7FFC47754D12665259B3E6FBB2070A40472409A0EE52A994CFE7AB6B92686B6BEBEEEE963D50003A2249000BA1AE7F74797574ACA1A181AF0305200549025808757D83E3D9E79E330F2E7B880034459200168261183E9FAF1E5795B83A3A76EFBDBE743A2D7B88003445920016483C1E7FB8BD9D172400FC8F2149000BE7DB0F3ED8D5B5631E63C45B274E3437375F1D1D933D3200FA2249000B2793C9B4B4B4CCD79F5E5EBC3462C688D34343B28705406B24096041259349334C98CBFFDC63C4B71F7C70D7ABAFC91E1000DD91248085363838D8DCDCDCB76FFF5CDED430E3083102800A48128004994C66E5CA951B363C75F1D2485519E2EAE8D8B3CF3D57788B44F62000601A490290C3300C33492C5BE6379381990F2A89112F6DDB666EFFF8E33F32F387ECD307801B4812804CE974FA89279E686868F8F6830F9A41E1D0E181A2F460DEB37DFBFF3DDCDE6E6EB366CDF753A994EC530680DB902400F90CC3482412D168B4B9B9D9733BF31E3346C4E3F14C2623FB340160162409404566AA907D0A0050119204A0228F87FF3601B803DD0A50114902805BD0AD0015912400B805DD0A50114902805BD0AD0015912400B805DD0A50114902805BD0AD0015912400B805DD0A50114902805BD0AD0015912400B805DD0A50114902805BD0AD0015912400B805DD0A50114902805BD0AD0015912400B805DD0A50114902805BD0AD0015912400B805DD0A50114902805BD0AD0015912400B805DD0A50114902805BD0AD0015912400B805DD0A50114902805BD0AD0015912400B805DD0A50114902805BD0AD0015912400B805DD0A50114902805BD0AD0015912400B805DD0A50114902805BD0AD0015912400B805DD0A50114902805BD0AD0015912400B805DD0A50114902805BD0AD0015912400B805DD0A50114902805BD0AD0015912400B805DD0A50114902805BD0AD0015912400B805DD0A50453C1E370384D7EB0D0402E68DA6A626F3E7D2A54B93C9A4EC530380924812802A76EEDCE999A1B5B5359148C83E350028892401A8C2308C254B963863C4F2E5CB9B9A9A32998CEC5303809248128042D6AF5FBF68D1223B49AC5BB7AEA3A343F6490140392409402D8D8D8D8518D1DEDEEEF3F90CC3907D4600500E490250CBDEBD7B172F5E6C26895028C45F4800501F490250CEAA55AB0A4942F68900C09D912400E5A4D3693349F0E14F00AE40920054C495A900B805DD0AB8C5308C783C1E894482C1A0CFE79B7975074D9863377F03E17038168BF1195400E59124801BBABBBBCD15D48C11DBB76FDFD3D3737A6868329BD5B3CCB19BBF81AEAEAE356BD698BF13334FC89E1C00EA224900C2FCDFEE6834DAD6D6367C7678323B4939EBE2A58B669E307F39E9745AF6440150114902BA33634420107869DB8B93D909AA54ED7A75574B4B4B2A95923D5D0094439280EEA2D1A81523AE53E56B4FCFEE952BBF267BBA0028872401AD757777B7B5ADCEE60CAA927AF2A73FD9B4E969D99306402D2409E8CB300C9FCF77F65C2A9B1BA72AA9D1B18F9B9B9773A10B004E2409E82B168B45A3D16CEE9A5DADA16F56F83949E75E5AD5A64DBFE44BC500389124A0AF7038DCB5E36FB762C4EAB60F85787F4A9CCA8AB727C4D109716834B779C71BAF9FBB726052FCC710070CD1774DECBE2E7ED777FC91B58F4A5FD4A5D4E181FE4020207BEA00288424017DF9FDFE13278E64736385F2783CA3428CE5C5959CB83C29AE09F1E39F3DE5F9C4A757AC0E9FCB8AE109317C5DA40C713A275E7EF3A8F5B2C49886353A36E2F57A654F1D00859024A0AF8686864B23E7B2B9D14299E1E0DA9498989A7E28979FFEF9CA6BFFF8E297BEFCF3679ECD09713527AE64C5E5ACC808B1FBE0312B498CEA591EAEE40DC0818E007D5969E0AA5DE63FC77262645C4C4EDDD82093C9FCF6F9179EFECDF3C3E7A72FCA94CD8B492B61EC3F7CB4685FAD8A2401C0898E007D5969E0BF764D27892971F19AF868546485989C98F02F5BE6F1DCE5F1781FFAEE1AE78E87068E14EDAB5591240038D111A02F2B0D5CB1ABF0EEC6C8B8387F555CB82E0E9D78AFB1B1F1AE459FFCD4DDF744BE775B92387878A0685FAD8A2401C0898E007D5969206397F9CFF1BCB86C4CBF2671F1BAE83998FC4AF3FDF77CFE0B77377CF6853FBF7C5D88D109716D627AC7BEFE8345FB6A552409004E7404E8CB5C1173B98FED2A2C906698B892151F4F8AF357B3FB8FA79ABFFA40EBD7BF7161427C64880B861899106696E83B70B0685FAD8A2401C0898E007D15A58160EBCA63EF9C3A743CD93F98DC3790DC77E4E4FE6343FF3CF0F69BC7CFEC1D38F9EF8177F71D79B7FFE8C9E3A73ED8F2876D0FB73F2C7D4527490050011D01FAB292C465673DF6D8A3955CE0F23B0F3D54B4A356459200E0444780BEAC243142555B2409004E7404E86B3A494C5DA2AA2D920400273A02F46525898B54B5459200E0444780BEAC247181AAB64812009CE808D09795243EA2AA2D920400273A02F465258934556D91240038D111A02F92044902C0DCD111A02F2B497C48555B2409004E7404E8CB5C11A7A6CE53D516490280131D01FAB292C439AADA22490070A223405F5692384B555B2409004E7404E8CB4A12C3F528FBC8455FD8517EE34A0E78C7FBEB3728E753C89E3A000AA123405FD6A2FB413DCA3EB2F3299C779657E680A51EAAF038F3353AD9530740217404E8AB1E6B6DD1425E7E699F3567CC7AA8CA2342FD02044902C0ACE808D097B5E8BE5F8FB28FEC7C8AA2A79BF9EC653628731CFBCED90247BD46277BEA0028848E007D4DAFB5F9543DEAC6427EF3C6ADA5DDB181FDB3CC3D255F93B8FD598A9EBA4E83723E85ECA903A0103A02F4652DBA67E6BD6E2EF0E53628BA5174BBFCA3B3DE2E1138E67F7485E7923D750014424780BEACB5F6BDF9ADC231ED9FB3ADEEC51BCFBC5DFED16A6FD7638CB2A70E8042E808D097B5DC0ED5A3EC23176E9479A2321B947D77A3F889666E5FA7A1159E48F6D40150081D01FAB296DBD3F528FBC8851B8ED5BDDCC6951C70D6FB9D3F2B3FE65C46277BEA0028848E007D59CBEDA97A54E1C8F6CF524F643F54661BE701CB1CC1BEED482D75195AE189644F1D0085D011A0AF7A2CB7B3AEE54577965AECCB84803249E28EB7491200EA8A8E007D992B623E7F92AAB64812009CE808D0979524DEA5AA2D920400273A02F465258924556D91240038D111A02F2B49BC43555B2409004E7404E8CBEBF58E8F1FC9E7DFA6AA2A920400273A02F4E5F3F9CE9C793D9F3F4155552409004E7404E82B140AFDBD7B6B5EBC45555EEF245FF1FBFDB2A70E80424812D05767676747C70FA4AFCDEEAA3FC59E8946A3B2A70E80424812D0572A95F2FBEF1B370EE5C571AAC20A8757251209D9530740212409686DE3B4B579718CAAA4FE1AFF752412923D6900D4429280D60CC308061FE8EFFF8B1047A9F2954EF7F8FDF765327DB2270D805A4812D05D32990C04962593092106A95265C6083372F5F6BE287BBA002887240188FEFE7E334C7476FE508823D4CC4A249EF3FB7DBDBD7F943D510054449200A61986D1D1110D06EF8FC57E914EEF166280CA64FE158FFF2A12690B8783E66DD9530440512409E096DEDEDE68F45B4D4D9FF3C0E36968F84C24B2DA0C13B2A70580D24812808AB8660300B72049002AF270456A002E41B70254449200E016742B40452409006E41B70254449200E016742B40452409006E41B70254449200E016742B40452409006E41B70254449200E016742B40452409006E41B70254449200E016742B40452409006E41B70254449200E016742B40452409006E41B70254449200E016742B40452409006E41B70254449200E016742B40452409006E41B70254449200E016742B40452409006E41B70254449200E016742B40452409006E41B70254449200E016742B40452409006E41B70254449200E016742B40452409006E41B70254118FC7CD00E1F57A03818079A3A9A9C9FCB974E9D2643229FBD400A0249204A08A9D3B777A66686D6D4D2412B24F0D004A224900AA300C63C99225CE18B17CF9F2A6A6A64C2623FBD400A0249204A090F5EBD72F5AB4C84E12EBD6ADEBE8E8907D5200500E4902504B6363632146B4B7B7FB7C3EC330649F110094439200D4B277EFDEC58B179B4922140AF1171200D447920094B36AD5AA4292907D2200706724094039E974DA4C127CF813802B9024001571652A006E41B7026E310C231E8F4722916030E8F3F9665EDD4113E6D8CDDF40381C8EC5627C061540792409E086EEEE6E73053563C4F6EDDBF7F4F49C1E1A9ACC66F52C73ECE66FA0ABAB6BCD9A35E6EFC4CC13B2270780BA48128030FFB73B1A8DB6B5B50D9F1D9ECC4E52CEBA78E9A29927CC5F4E3A9D963D510054449280EECC181108045EDAF6E26476822A55BB5EDDD5D2D2924AA5644F1700E59024A0BB68346AC588EB54F9DAD3B37BE5CAAFC99E2E00CA2149406BDDDDDD6D6DABB33983AAA49EFCE94F366D7A5AF6A401500B4902FA320CC3E7F39D3D97CAE6C6A94A6A74ECE3E6E6E55CE80280134902FA8AC562D168349BBB66576BE89B157E4ED2B99756B569D32FF95231004E2409E82B1C0E77EDF8DBAD18B1BAED4321DE9F12A7B2E2ED097174421C1ACD6DDEF1C6EBE7AE1C9814FF31C40143F45D13BBAF8BDFF51D7F64EDA3D21775297578A03F1008C89E3A000A2149405F7EBFFFC48923D9DC58A13C1ECFA81063797125272E4F8A6B42FCF8674F793EF1E915ABC3E7B26278420C5F1729439CCE8997DF3C6ABD2C31A6618D8E8D78BD5ED9530740212409E8ABA1A1E1D2C8B96C6EB4506638B8362526A6A61FCAE5A77FBEF2DA3FBEF8A52FFFFC996773425CCD892B5971392B3242EC3E78CC4A12A37A96872B790370A023405F561AB86A97F9CFB19C18191793533736C86432BF7DFE85A77FF3FCF0F9E98B3265F362D24A18FB0F1F2DDA57AB22490070A223405F561AF8AF5DD349624A5CBC263E1A155921262726FCCB96793C77793CDE87BEBBC6B9E3A1812345FB6A552409004E7404E8CB4A0357EC2ABCBB31322ECE5F1517AE8B4327DE6B6C6CBC6BD1273F75F73D91EFDD96240E1E1E28DA57AB22490070A223405F561AC8D865FE733C2F2E1BD3AF495CBC2E7A0E26BFD27CFF3D9FFFC2DD0D9F7DE1CF2F5F176274425C9B98DEB1AFFF60D1BE5A15490280131D01FA3257C45CEE63BB0A0BA41926AE64C5C793E2FCD5ECFEE3A9E6AF3ED0FAF56F5C98101F19E282214626849925FA0E1C2CDA57AB22490070A223405F456920D8BAF2D83BA70E1D4FF60F26F70D24F71D39B9FFD8D03F0FBCFDE6F1337B074EFE7BE0DD7D47DEED3F7AF2F8A90FB6FC61DBC3ED0F4B5FD149120054404780BEAC2471D9598F3DF6682517B8FCCE430F15EDA85591240038D111A02F2B498C50D516490280131D01FA9A4E125397A86A8B2401C0898E007D5949E222556D91240038D111A02F2B495CA0AA2D920400273A02F46525898FA86A8B2401C0898E007D5949224D555B2409004E7404E88B2441920030777404E8CB4A121F52D516490280131D01FA3257C4A9A9F354B5459200E0444780BEAC24718EAAB64812009CE808D0979524CE52D516490280131D01FAB292C4F0DCAB709C995FCF31739B5977ACFCFE0AB7B11F9A7963BEC62B7BEA0028848E007D59EBEB0773AF99C72973CF6C81E3CE079C75C752C7713E579903CE65BCB2A70E8042E808D0D7BCACAF952CDBA51E2A750295C78BA2478B82054902C002A023405FD6FAFAFE5CCA3E82F3C6CD85BCE436331FAAF0FE0AB799F5AC2A3C6C85A3963D750014424780BEA657D67C6A2E752B37DCFCA7F3A152DBDCF6CA4189C3967FBA59DEDA986D77FBA132CF55DBA8654F1D0085D011A02F6B713D33F72A1C67E6D1EC7B9C0FDDF1494B1DADCC718A36BE991B663F817919AFECA903A0103A02F465ADAFEFCDB10A07B17FDEFE3AC1AD0D9C8F567EC0990F957E4D6296A79879635E8A2401C0898E007D59EBEBD05CCAB172DF7667996DEEB871A987CA3C5AEA20A59E74EEA3963D750014424780BEACF5F5F4BCD4CDAC70E376F92D2BFCE7CCE3947D4D629683146ED81BCCD7784912009CE808D097B5B29E9A4B3916F2DBEE2CB5E5CC479DFF9CB9639933ACE4A1A2279DFB78EDC3CA9E3A000AA123405FF3B5B216A58ADB5F2AB8B59C97DA72D66D6646904A924451B2298A14240900F5404780BECC15319F3F49555B2409004E7404E8CB4A12EF52D516490280131D01FAB2924492AAB64812009CE808D0979524DEA1AA2D920400273A02F4E5F57AC7C78FE4F36F535515490280131D01FAF2F97C67CEBC9ECF9FA0AA2A920400273A02F4150A85FEDEBD352FDEA22AAF7792AFF8FD7ED9530740212409E8ABB3B3B3A3E307D2D76677D59F62CF44A351D9530740212409E82B954AF9FDF78D1B87F2E238556185C3AB128984ECA903A0109204B4B671DADABC384655527F8DFF3A1209C99E34006A2149406B866104830FF4F7FF4588A354F94AA77BFCFEFB32993ED99306402D2409E82E994C0602CB92C984108354A932638419B97A7B5F943D5D0094439200447F7FBF19263A3B7F28C4116A662512CFF9FDBEDEDE3FCA9E28002A224900D30CC3E8E8880683F7C762BF48A7770B31406532FF8AC77F1589B485C341F3B6EC2902A0289204704B6F6F6F34FAADA6A6CFCDFA15E1BA6968F84C24B2DA0C13B2A70580D24812808AB8660300B72049002AF270456A002E41B70254449200E016742B40452409006E41B70254449200E016742B40452409006E41B70254449200E016742B40452409006E41B70254449200E016742B40452409006E41B70254449200E016742B40452409006E41B70254449200E016742B40452409006E41B70254449200E016742B40452409006E41B70254118FC7CD00E1F57A03818079A3A9A9C9FCB974E9D2643229FBD400A0249204A08A9D3B777A66686D6D4D2412B24F0D004A224900AA300C63C99225CE18B17CF9F2A6A6A64C2623FBD400A0249204A090F5EBD72F5AB4C84E12EBD6ADEBE8E8907D5200500E4902504B6363632146B4B7B7FB7C3EC330649F110094439200D4B277EFDEC58B179B4922140AF1171200D447920094B36AD5AA4292907D2200706724094039E974DA4C127CF813802B9024001571652A006E41B7026E310C231E8F4722916030E8F3F9665EDD4113E6D8CDDF40381C8EC5627C061540792409E086EEEE6E73053563C4F6EDDBF7F4F49C1E1A9ACC66F52C73ECE66FA0ABAB6BCD9A35E6EFC4CC13B2270780BA48128030FFB73B1A8DB6B5B50D9F1D9ECC4E52CEBA78E9A29927CC5F4E3A9D963D510054449280EECC181108045EDAF6E26476822A55BB5EDDD5D2D2924AA5644F1700E59024A0BB68346AC588EB54F9DAD3B37BE5CAAFC99E2E00CA2149406BDDDDDD6D6DABB33983AAA49EFCE94F366D7A5AF6A401500B4902FA320CC3E7F39D3D97CAE6C6A94A6A74ECE3E6E6E55CE80280134902FA8AC562D168349BBB66576BE89B157E4ED2B99756B569D32FF95231004E2409E82B1C0E77EDF8DBAD18B1BAED4321DE9F12A7B2E2ED097174421C1ACD6DDEF1C6EBE7AE1C9814FF31C40143F45D13BBAF8BDFF51D7F64EDA3D21775297578A03F1008C89E3A000A2149405F7EBFFFC48923D9DC58A13C1ECFA81063797125272E4F8A6B42FCF8674F793EF1E915ABC3E7B26278420C5F1729439CCE8997DF3C6ABD2C31A6618D8E8D78BD5ED9530740212409E8ABA1A1E1D2C8B96C6EB4506638B8362526A6A61FCAE5A77FBEF2DA3FBEF8A52FFFFC996773425CCD892B5971392B3242EC3E78CC4A12A37A96872B790370A023405F561AB86A97F9CFB19C18191793533736C86432BF7DFE85A77FF3FCF0F9E98B3265F362D24A18FB0F1F2DDA57AB22490070A223405F561AF8AF5DD349624A5CBC263E1A155921262726FCCB96793C77793CDE87BEBBC6B9E3A1812345FB6A552409004E7404E8CB4A0357EC2ABCBB31322ECE5F1517AE8B4327DE6B6C6CBC6BD1273F75F73D91EFDD96240E1E1E28DA57AB22490070A223405F561AC8D865FE733C2F2E1BD3AF495CBC2E7A0E26BFD27CFF3D9FFFC2DD0D9F7DE1CF2F5F176274425C9B98DEB1AFFF60D1BE5A15490280131D01FA3257C45CEE63BB0A0BA41926AE64C5C793E2FCD5ECFEE3A9E6AF3ED0FAF56F5C98101F19E282214626849925FA0E1C2CDA57AB22490070A223405F456920D8BAF2D83BA70E1D4FF60F26F70D24F71D39B9FFD8D03F0FBCFDE6F1337B074EFE7BE0DD7D47DEED3F7AF2F8A90FB6FC61DBC3ED0F4B5FD149120054404780BEAC2471D9598F3DF6682517B8FCCE430F15EDA85591240038D111A02F2B498C50D516490280131D01FA9A4E125397A86A8B2401C0898E007D5949E222556D91240038D111A02F2B495CA0AA2D920400273A02F46525898FA86A8B2401C0898E007D5949224D555B2409004E7404E88B2441920030777404E8CB4A121F52D516490280131D01FA3257C4A9A9F354B5459200E0444780BEAC24718EAAB64812009CE808D0979524CE52D516490280131D01FAB292C4705DABFC53381FAD7CCB520FCDBC51BF41C99E3A000AA123405FD68AFB415DCBF914B33E5DE1CE990FDDF15BC4661E76E68DFA0D4AF6D40150081D01FAAAD38A7BC7B5BF92CDCA9F9B9D3F9C7B91240048414780BEAC15F7FDBA56E129667DA2CAEF2C73BFF3A1A21BF51B1D490280131D01FA9A5E6BF3A9F9AD3BBF2BE1D872D6DD2B39D4ACBBD80FCDDC66DEC7287BEA0028848E007D59CBED99BA5699A7289D1266D9B7D46DFB38CEFBEB3D2E920400273A02F465ADB8EFD5AFECE3DF5CECABDEBD74DAB86D83994F57EF71C99E3A000AA123405FD68A3B54A7BA7DE12FB98DFDD37963E63F4BDD9E75F7BA8EAB707CD9530740217404E8CB5A714FD7A30A472E3ABEF39F451BCCBC51B85DFA3589590E6B1F73D6679FDFD1C99E3A000AA123405FD65A7B6A7EEBE6427EE376D14345B767DD60D6B32A73AACEA7731EA11EA3B39F48F6D40150081D01FAAADF5AEB5CDA6F7F2D6196B57FE6061526893B1E9624016001D011A02F7345CCE74F52D516490280131D01FAB292C4BB54B5459200E0444780BEAC2491A4AA2D920400273A02F465258977A86A8B2401C0898E007D79BDDEF1F123F9FCDB5455459200E0444780BE7C3EDF9933AFE7F327A8AA8A2401C0898E007D8542A1BF776FCD8BB7A8CAEB9DE42B7EBF5FF6D40150084902FAEAECECECE8F881F4B5D95DF5A7D833D16854F6D40150084902FA4AA5527EFF7DE3C6A1BC384E5558E1F0AA4422217BEA0028842401AD6D9CB6362F8E5195D45FE3BF8E4442B2270D805A4812D09A6118C1E003FDFD7F11E22855BED2E91EBFFFBE4CA64FF6A401500B4902BA4B269381C0B2643221C42055AACC186146AEDEDE17654F1700E5902400D1DFDF6F8689CECE1F0A71849A5989C4737EBFAFB7F78FB2270A808A4812C034C3303A3AA2C1E0FDB1D82FD2E9DD420C5099CCBFE2F15F45226DE170D0BC2D7B8A00288A2401DCD2DBDB1B8D7EABA9E97333BFEF5B430D0D9F8944569B6142F6B400501A49025011D76C00E016240940451EAE480DC025E856808A481200DC826E05A8882401C02DE856808A481200DC826E05A8882401C02DE856808A481200DC826E05A8882401C02DE856808A481200DC826E05A8882401C02DE856808A481200DC826E05A8882401C02DE856808A481200DC826E05A8882401C02DE856808A481200DC826E05A8882401C02DE856808A481200DC826E05A8882401C02DE856808A481200DC826E05A8882401C02DE856808A481200DC826E05A8882401C02DE856808A481200DC826E05A8882401C02DE856808A481200DC826E05A8882401C02DE856802AE2F1B81920BC5E6F2010306F343535993F972E5D9A4C26659F1A009444920054B173E74ECF0CADADAD894442F6A90140492409401586612C59B2C41923962F5FDED4D494C964649F1A009444920014B27EFDFA458B16D94962DDBA751D1D1DB24F0A00CA2149006A696C6C2CC488F6F6769FCF671886EC330280724812805AF6EEDDBB78F1623349844221FE420280FA4812807256AD5A554812B24F0400EE8C240128279D4E9B49820F7F0270059204A022AE4C05C02DE85680120CC34824121B376E0C87C3C19B42A190794F2C164BA7D3B24F10006647920024330384991E665E93AA482010D8BA752B1FE500A01A9204204D6F6FEF8A152BEE98219C7C3E1F1FE800A014920420816118D16874E6AB0E4F3EF9D3AEAE1D7B7ADEB06BC386A7DADADA8AB60C87C35CF81280224812C0424BA7D3452F453CFEF88F4E0F0D4D6673A5EAE2A591DF6FD952F84E2FFBC589C1C141D94301009204B0B052A9941902EC40100A85CA6788A23CB161C353F6BE5EAFB7BFBF5FF68000E88E24012C1CC3309CAF463CB369538519C259DBB7FF9F9921EC5726F8580700B94812C0C2894422768CE8EADA51438C28D4A1C3030D0D0D85E3048341D9C302A0359204B0401289C41C5F8D70D6AE575FB38FB679F366D98303A02F9204B040028180FDB711738C1185B2FF66A2A9A989EB4C00908524012C84783C6EFF99E4F0D973F39224AE8E8ED99FE678E28927640F1180A64812C042080683F6073EE7254614EAA56DDB0A876D6868903D44009A2249007597C964ECBF6998AF1724ECBAF7DE1B9F29EDEDED953D50003A22490075178BC5ECCF59CC6F8C30EB91471E2D1CBCA3A343F64001E8882401D4DDDAB56BE7EB231B336B4FCF1B8583AF58B142F64001E8882401D45D28142A2CF6BB5E7D6DDE93C4E9A121FB2A55B2070A40472409A0EEECCF7F1E3A3C30EF49C22CFB8F30640F14808E683D40DDD99FD5ACFC2B36AA2AFBF8B2070A4047B41EA0EEFC7E7F61A57FEBC4897A2409FB6B38640F14808E683D40DDD91793D8D3F3C6BCC7888B9746B8A4040089481240DD45A3D1C262FFFB2D5BE63D49BC75E244E1E0814040F64001E8882401D45D67676761B15FB3E6FBF39E249ED9B4A970F04824227BA00074449200EA2E994CDA6F405C1D1D9BDF24B172E5CAC2C163B198EC8102D011490258083EDF8D6B5A7775ED98C718615F4CC294C964648F12808E4812C042E8E8E828ACF7CDCDCDF3F8B2C4B71F7CB070D870382C7B88003445920016422693B1AFFA305FD7CCEEDBB7DF7E4162707050F61001688A24012C90CD9B3717567DAFD73BF78F839E1E1AB2A3C9DAB56B650F0E80BE4812C0C259B1624561ED3743C05CAE77797574ACB9B9D93E543A9D963D3200FA2249000B27954A353434D809A0B6AFE1183E7BCE8E115EAFB7B7B757F6B000688D24012C2873E1B7FFB8C1CC01D55EABAA6FDF7EFB4D0DD3E6CD9B650F0880EE4812C0424B2412F62B13854F7354F26DE3C367CF3DDCDEEE71204600500149029020994CDA5FEB65E7890D1B9E9AF9155F6680F8FD962D6D6D6DCE8DCD20C29B1A0014419200E4C864321B376EB4BFC6B3484B4B4BA9872291087F6209401D240940263313D8DFEF7547C160B0BFBF5FF62903C06D4812807C8661C4E3713352040281A2F4E0F3F9C2E1F0D6AD5B791D02809A48120000A07624090000503B92040000A81D49020000D48E240100006AF7FF8405534DB8D113C80000000049454E44AE426082, 0);
COMMIT;

-- ----------------------------
-- Table structure for ACT_GE_PROPERTY
-- ----------------------------
DROP TABLE IF EXISTS `ACT_GE_PROPERTY`;
CREATE TABLE `ACT_GE_PROPERTY` (
  `NAME_` varchar(64) CHARACTER SET utf8 COLLATE utf8_bin NOT NULL,
  `VALUE_` varchar(300) CHARACTER SET utf8 COLLATE utf8_bin DEFAULT NULL,
  `REV_` int(11) DEFAULT NULL,
  PRIMARY KEY (`NAME_`)
) ENGINE=InnoDB DEFAULT CHARSET=utf8 COLLATE=utf8_bin COMMENT='主键生成策略表';

-- ----------------------------
-- Records of ACT_GE_PROPERTY
-- ----------------------------
BEGIN;
INSERT INTO `ACT_GE_PROPERTY` VALUES ('next.dbid', '101', 2);
INSERT INTO `ACT_GE_PROPERTY` VALUES ('schema.history', 'create(5.13)', 1);
INSERT INTO `ACT_GE_PROPERTY` VALUES ('schema.version', '5.13', 1);
COMMIT;

-- ----------------------------
-- Table structure for ACT_HI_ACTINST
-- ----------------------------
DROP TABLE IF EXISTS `ACT_HI_ACTINST`;
CREATE TABLE `ACT_HI_ACTINST` (
  `ID_` varchar(64) CHARACTER SET utf8 COLLATE utf8_bin NOT NULL,
  `PROC_DEF_ID_` varchar(64) CHARACTER SET utf8 COLLATE utf8_bin NOT NULL,
  `PROC_INST_ID_` varchar(64) CHARACTER SET utf8 COLLATE utf8_bin NOT NULL,
  `EXECUTION_ID_` varchar(64) CHARACTER SET utf8 COLLATE utf8_bin NOT NULL,
  `ACT_ID_` varchar(255) CHARACTER SET utf8 COLLATE utf8_bin NOT NULL,
  `TASK_ID_` varchar(64) CHARACTER SET utf8 COLLATE utf8_bin DEFAULT NULL,
  `CALL_PROC_INST_ID_` varchar(64) CHARACTER SET utf8 COLLATE utf8_bin DEFAULT NULL,
  `ACT_NAME_` varchar(255) CHARACTER SET utf8 COLLATE utf8_bin DEFAULT NULL,
  `ACT_TYPE_` varchar(255) CHARACTER SET utf8 COLLATE utf8_bin NOT NULL,
  `ASSIGNEE_` varchar(64) CHARACTER SET utf8 COLLATE utf8_bin DEFAULT NULL,
  `START_TIME_` datetime NOT NULL,
  `END_TIME_` datetime DEFAULT NULL,
  `DURATION_` bigint(20) DEFAULT NULL,
  PRIMARY KEY (`ID_`),
  KEY `ACT_IDX_HI_ACT_INST_START` (`START_TIME_`),
  KEY `ACT_IDX_HI_ACT_INST_END` (`END_TIME_`),
  KEY `ACT_IDX_HI_ACT_INST_PROCINST` (`PROC_INST_ID_`,`ACT_ID_`),
  KEY `ACT_IDX_HI_ACT_INST_EXEC` (`EXECUTION_ID_`,`ACT_ID_`)
) ENGINE=InnoDB DEFAULT CHARSET=utf8 COLLATE=utf8_bin COMMENT='所有活动节点的历史表';

-- ----------------------------
-- Records of ACT_HI_ACTINST
-- ----------------------------
BEGIN;
INSERT INTO `ACT_HI_ACTINST` VALUES ('13', 'LeaveBill:1:4', '5', '5', 'usertask2', '14', NULL, '经纪人审批', 'userTask', '范冰冰经纪人', '2019-05-09 19:35:16', '2019-05-10 14:13:48', 67112206);
INSERT INTO `ACT_HI_ACTINST` VALUES ('17', 'LeaveBill:1:4', '5', '5', 'usertask3', '18', NULL, '老总审批', 'userTask', '王中军', '2019-05-10 14:13:48', '2019-05-10 15:02:19', 2911939);
INSERT INTO `ACT_HI_ACTINST` VALUES ('21', 'LeaveBill:1:4', '5', '5', 'endevent1', NULL, NULL, 'End', 'endEvent', NULL, '2019-05-10 15:02:19', '2019-05-10 15:02:19', 0);
INSERT INTO `ACT_HI_ACTINST` VALUES ('27', 'LeaveBill:2:25', '26', '26', 'startevent1', NULL, NULL, 'Start', 'startEvent', NULL, '2019-05-10 16:14:12', '2019-05-10 16:14:12', 1);
INSERT INTO `ACT_HI_ACTINST` VALUES ('30', 'LeaveBill:2:25', '26', '26', 'usertask1', '31', NULL, '提交申请', 'userTask', '范冰冰', '2019-05-10 16:14:12', '2019-05-10 16:14:37', 25463);
INSERT INTO `ACT_HI_ACTINST` VALUES ('34', 'LeaveBill:2:25', '26', '26', 'usertask2', '35', NULL, '经纪人审批', 'userTask', '范冰冰经纪人', '2019-05-10 16:14:37', '2019-05-10 16:16:38', 121417);
INSERT INTO `ACT_HI_ACTINST` VALUES ('39', 'LeaveBill:2:25', '26', '26', 'usertask1', '40', NULL, '提交申请', 'userTask', '范冰冰', '2019-05-10 16:16:38', '2019-05-10 16:25:37', 539980);
INSERT INTO `ACT_HI_ACTINST` VALUES ('42', 'LeaveBill:2:25', '26', '26', 'usertask2', '43', NULL, '经纪人审批', 'userTask', '范冰冰经纪人', '2019-05-10 16:25:37', '2019-05-10 16:41:21', 944478);
INSERT INTO `ACT_HI_ACTINST` VALUES ('45', 'LeaveBill:2:25', '26', '26', 'usertask3', '46', NULL, '老总审批', 'userTask', '王中军', '2019-05-10 16:41:21', '2019-05-10 16:43:37', 136441);
INSERT INTO `ACT_HI_ACTINST` VALUES ('49', 'LeaveBill:2:25', '26', '26', 'endevent1', NULL, NULL, 'End', 'endEvent', NULL, '2019-05-10 16:43:37', '2019-05-10 16:43:37', 0);
INSERT INTO `ACT_HI_ACTINST` VALUES ('6', 'LeaveBill:1:4', '5', '5', 'startevent1', NULL, NULL, 'Start', 'startEvent', NULL, '2019-05-09 17:40:09', '2019-05-09 17:40:09', 28);
INSERT INTO `ACT_HI_ACTINST` VALUES ('9', 'LeaveBill:1:4', '5', '5', 'usertask1', '10', NULL, '提交申请', 'userTask', '范冰冰', '2019-05-09 17:40:09', '2019-05-09 19:35:16', 6907673);
COMMIT;

-- ----------------------------
-- Table structure for ACT_HI_ATTACHMENT
-- ----------------------------
DROP TABLE IF EXISTS `ACT_HI_ATTACHMENT`;
CREATE TABLE `ACT_HI_ATTACHMENT` (
  `ID_` varchar(64) CHARACTER SET utf8 COLLATE utf8_bin NOT NULL,
  `REV_` int(11) DEFAULT NULL,
  `USER_ID_` varchar(255) CHARACTER SET utf8 COLLATE utf8_bin DEFAULT NULL,
  `NAME_` varchar(255) CHARACTER SET utf8 COLLATE utf8_bin DEFAULT NULL,
  `DESCRIPTION_` varchar(4000) CHARACTER SET utf8 COLLATE utf8_bin DEFAULT NULL,
  `TYPE_` varchar(255) CHARACTER SET utf8 COLLATE utf8_bin DEFAULT NULL,
  `TASK_ID_` varchar(64) CHARACTER SET utf8 COLLATE utf8_bin DEFAULT NULL,
  `PROC_INST_ID_` varchar(64) CHARACTER SET utf8 COLLATE utf8_bin DEFAULT NULL,
  `URL_` varchar(4000) CHARACTER SET utf8 COLLATE utf8_bin DEFAULT NULL,
  `CONTENT_ID_` varchar(64) CHARACTER SET utf8 COLLATE utf8_bin DEFAULT NULL,
  PRIMARY KEY (`ID_`)
) ENGINE=InnoDB DEFAULT CHARSET=utf8 COLLATE=utf8_bin;

-- ----------------------------
-- Table structure for ACT_HI_COMMENT
-- ----------------------------
DROP TABLE IF EXISTS `ACT_HI_COMMENT`;
CREATE TABLE `ACT_HI_COMMENT` (
  `ID_` varchar(64) CHARACTER SET utf8 COLLATE utf8_bin NOT NULL,
  `TYPE_` varchar(255) CHARACTER SET utf8 COLLATE utf8_bin DEFAULT NULL,
  `TIME_` datetime NOT NULL,
  `USER_ID_` varchar(255) CHARACTER SET utf8 COLLATE utf8_bin DEFAULT NULL,
  `TASK_ID_` varchar(64) CHARACTER SET utf8 COLLATE utf8_bin DEFAULT NULL,
  `PROC_INST_ID_` varchar(64) CHARACTER SET utf8 COLLATE utf8_bin DEFAULT NULL,
  `ACTION_` varchar(255) CHARACTER SET utf8 COLLATE utf8_bin DEFAULT NULL,
  `MESSAGE_` varchar(4000) CHARACTER SET utf8 COLLATE utf8_bin DEFAULT NULL,
  `FULL_MSG_` longblob,
  PRIMARY KEY (`ID_`)
) ENGINE=InnoDB DEFAULT CHARSET=utf8 COLLATE=utf8_bin COMMENT='批注信息表';

-- ----------------------------
-- Records of ACT_HI_COMMENT
-- ----------------------------
BEGIN;
INSERT INTO `ACT_HI_COMMENT` VALUES ('12', 'comment', '2019-05-09 19:35:16', '范冰冰', '10', '5', 'AddComment', '请批准！', 0xE8AFB7E689B9E58786EFBC81);
INSERT INTO `ACT_HI_COMMENT` VALUES ('16', 'comment', '2019-05-10 14:13:48', '范冰冰经纪人', '14', '5', 'AddComment', '范冰冰经纪人已批准！', 0xE88C83E586B0E586B0E7BB8FE7BAAAE4BABAE5B7B2E689B9E58786EFBC81);
INSERT INTO `ACT_HI_COMMENT` VALUES ('20', 'comment', '2019-05-10 15:02:19', '王中军', '18', '5', 'AddComment', '准了！', 0xE58786E4BA86EFBC81);
INSERT INTO `ACT_HI_COMMENT` VALUES ('33', 'comment', '2019-05-10 16:14:37', '范冰冰', '31', '26', 'AddComment', '好久没休息了，给个机会吧！', 0xE5A5BDE4B985E6B2A1E4BC91E681AFE4BA86EFBC8CE7BB99E4B8AAE69CBAE4BC9AE590A7EFBC81);
INSERT INTO `ACT_HI_COMMENT` VALUES ('37', 'comment', '2019-05-10 16:16:38', '范冰冰经纪人', '35', '26', 'AddComment', '不行啊，明天还有个戏！', 0xE4B88DE8A18CE5958AEFBC8CE6988EE5A4A9E8BF98E69C89E4B8AAE6888FEFBC81);
INSERT INTO `ACT_HI_COMMENT` VALUES ('41', 'comment', '2019-05-10 16:25:37', '范冰冰', '40', '26', 'AddComment', '不行，我就去了，把戏推到10天后！', 0xE4B88DE8A18CEFBC8CE68891E5B0B1E58EBBE4BA86EFBC8CE68A8AE6888FE68EA8E588B03130E5A4A9E5908EEFBC81);
INSERT INTO `ACT_HI_COMMENT` VALUES ('44', 'comment', '2019-05-10 16:41:21', '范冰冰经纪人', '43', '26', 'AddComment', '好滴，同意了', 0xE5A5BDE6BBB4EFBC8CE5908CE6848FE4BA86);
INSERT INTO `ACT_HI_COMMENT` VALUES ('48', 'comment', '2019-05-10 16:43:37', '王中军', '46', '26', 'AddComment', '回来记得带点儿好吃的', 0xE59B9EE69DA5E8AEB0E5BE97E5B8A6E782B9E584BFE5A5BDE59083E79A84);
COMMIT;

-- ----------------------------
-- Table structure for ACT_HI_DETAIL
-- ----------------------------
DROP TABLE IF EXISTS `ACT_HI_DETAIL`;
CREATE TABLE `ACT_HI_DETAIL` (
  `ID_` varchar(64) CHARACTER SET utf8 COLLATE utf8_bin NOT NULL,
  `TYPE_` varchar(255) CHARACTER SET utf8 COLLATE utf8_bin NOT NULL,
  `PROC_INST_ID_` varchar(64) CHARACTER SET utf8 COLLATE utf8_bin DEFAULT NULL,
  `EXECUTION_ID_` varchar(64) CHARACTER SET utf8 COLLATE utf8_bin DEFAULT NULL,
  `TASK_ID_` varchar(64) CHARACTER SET utf8 COLLATE utf8_bin DEFAULT NULL,
  `ACT_INST_ID_` varchar(64) CHARACTER SET utf8 COLLATE utf8_bin DEFAULT NULL,
  `NAME_` varchar(255) CHARACTER SET utf8 COLLATE utf8_bin NOT NULL,
  `VAR_TYPE_` varchar(255) CHARACTER SET utf8 COLLATE utf8_bin DEFAULT NULL,
  `REV_` int(11) DEFAULT NULL,
  `TIME_` datetime NOT NULL,
  `BYTEARRAY_ID_` varchar(64) CHARACTER SET utf8 COLLATE utf8_bin DEFAULT NULL,
  `DOUBLE_` double DEFAULT NULL,
  `LONG_` bigint(20) DEFAULT NULL,
  `TEXT_` varchar(4000) CHARACTER SET utf8 COLLATE utf8_bin DEFAULT NULL,
  `TEXT2_` varchar(4000) CHARACTER SET utf8 COLLATE utf8_bin DEFAULT NULL,
  PRIMARY KEY (`ID_`),
  KEY `ACT_IDX_HI_DETAIL_PROC_INST` (`PROC_INST_ID_`),
  KEY `ACT_IDX_HI_DETAIL_ACT_INST` (`ACT_INST_ID_`),
  KEY `ACT_IDX_HI_DETAIL_TIME` (`TIME_`),
  KEY `ACT_IDX_HI_DETAIL_NAME` (`NAME_`),
  KEY `ACT_IDX_HI_DETAIL_TASK_ID` (`TASK_ID_`)
) ENGINE=InnoDB DEFAULT CHARSET=utf8 COLLATE=utf8_bin;

-- ----------------------------
-- Table structure for ACT_HI_IDENTITYLINK
-- ----------------------------
DROP TABLE IF EXISTS `ACT_HI_IDENTITYLINK`;
CREATE TABLE `ACT_HI_IDENTITYLINK` (
  `ID_` varchar(64) CHARACTER SET utf8 COLLATE utf8_bin NOT NULL,
  `GROUP_ID_` varchar(255) CHARACTER SET utf8 COLLATE utf8_bin DEFAULT NULL,
  `TYPE_` varchar(255) CHARACTER SET utf8 COLLATE utf8_bin DEFAULT NULL,
  `USER_ID_` varchar(255) CHARACTER SET utf8 COLLATE utf8_bin DEFAULT NULL,
  `TASK_ID_` varchar(64) CHARACTER SET utf8 COLLATE utf8_bin DEFAULT NULL,
  `PROC_INST_ID_` varchar(64) CHARACTER SET utf8 COLLATE utf8_bin DEFAULT NULL,
  PRIMARY KEY (`ID_`),
  KEY `ACT_IDX_HI_IDENT_LNK_USER` (`USER_ID_`),
  KEY `ACT_IDX_HI_IDENT_LNK_TASK` (`TASK_ID_`),
  KEY `ACT_IDX_HI_IDENT_LNK_PROCINST` (`PROC_INST_ID_`)
) ENGINE=InnoDB DEFAULT CHARSET=utf8 COLLATE=utf8_bin;

-- ----------------------------
-- Records of ACT_HI_IDENTITYLINK
-- ----------------------------
BEGIN;
INSERT INTO `ACT_HI_IDENTITYLINK` VALUES ('11', NULL, 'participant', '范冰冰', NULL, '5');
INSERT INTO `ACT_HI_IDENTITYLINK` VALUES ('15', NULL, 'participant', '范冰冰经纪人', NULL, '5');
INSERT INTO `ACT_HI_IDENTITYLINK` VALUES ('19', NULL, 'participant', '王中军', NULL, '5');
INSERT INTO `ACT_HI_IDENTITYLINK` VALUES ('32', NULL, 'participant', '范冰冰', NULL, '26');
INSERT INTO `ACT_HI_IDENTITYLINK` VALUES ('36', NULL, 'participant', '范冰冰经纪人', NULL, '26');
INSERT INTO `ACT_HI_IDENTITYLINK` VALUES ('47', NULL, 'participant', '王中军', NULL, '26');
COMMIT;

-- ----------------------------
-- Table structure for ACT_HI_PROCINST
-- ----------------------------
DROP TABLE IF EXISTS `ACT_HI_PROCINST`;
CREATE TABLE `ACT_HI_PROCINST` (
  `ID_` varchar(64) CHARACTER SET utf8 COLLATE utf8_bin NOT NULL,
  `PROC_INST_ID_` varchar(64) CHARACTER SET utf8 COLLATE utf8_bin NOT NULL,
  `BUSINESS_KEY_` varchar(255) CHARACTER SET utf8 COLLATE utf8_bin DEFAULT NULL,
  `PROC_DEF_ID_` varchar(64) CHARACTER SET utf8 COLLATE utf8_bin NOT NULL,
  `START_TIME_` datetime NOT NULL,
  `END_TIME_` datetime DEFAULT NULL,
  `DURATION_` bigint(20) DEFAULT NULL,
  `START_USER_ID_` varchar(255) CHARACTER SET utf8 COLLATE utf8_bin DEFAULT NULL,
  `START_ACT_ID_` varchar(255) CHARACTER SET utf8 COLLATE utf8_bin DEFAULT NULL,
  `END_ACT_ID_` varchar(255) CHARACTER SET utf8 COLLATE utf8_bin DEFAULT NULL,
  `SUPER_PROCESS_INSTANCE_ID_` varchar(64) CHARACTER SET utf8 COLLATE utf8_bin DEFAULT NULL,
  `DELETE_REASON_` varchar(4000) CHARACTER SET utf8 COLLATE utf8_bin DEFAULT NULL,
  PRIMARY KEY (`ID_`),
  UNIQUE KEY `PROC_INST_ID_` (`PROC_INST_ID_`),
  UNIQUE KEY `ACT_UNIQ_HI_BUS_KEY` (`PROC_DEF_ID_`,`BUSINESS_KEY_`),
  KEY `ACT_IDX_HI_PRO_INST_END` (`END_TIME_`),
  KEY `ACT_IDX_HI_PRO_I_BUSKEY` (`BUSINESS_KEY_`)
) ENGINE=InnoDB DEFAULT CHARSET=utf8 COLLATE=utf8_bin COMMENT='流程实例的历史表';

-- ----------------------------
-- Records of ACT_HI_PROCINST
-- ----------------------------
BEGIN;
INSERT INTO `ACT_HI_PROCINST` VALUES ('26', '26', 'LeaveBill.9', 'LeaveBill:2:25', '2019-05-10 16:14:12', '2019-05-10 16:43:37', 1765442, NULL, 'startevent1', 'endevent1', NULL, NULL);
INSERT INTO `ACT_HI_PROCINST` VALUES ('5', '5', 'LeaveBill.1', 'LeaveBill:1:4', '2019-05-09 17:40:09', '2019-05-10 15:02:19', 76930940, NULL, 'startevent1', 'endevent1', NULL, NULL);
COMMIT;

-- ----------------------------
-- Table structure for ACT_HI_TASKINST
-- ----------------------------
DROP TABLE IF EXISTS `ACT_HI_TASKINST`;
CREATE TABLE `ACT_HI_TASKINST` (
  `ID_` varchar(64) CHARACTER SET utf8 COLLATE utf8_bin NOT NULL,
  `PROC_DEF_ID_` varchar(64) CHARACTER SET utf8 COLLATE utf8_bin DEFAULT NULL,
  `TASK_DEF_KEY_` varchar(255) CHARACTER SET utf8 COLLATE utf8_bin DEFAULT NULL,
  `PROC_INST_ID_` varchar(64) CHARACTER SET utf8 COLLATE utf8_bin DEFAULT NULL,
  `EXECUTION_ID_` varchar(64) CHARACTER SET utf8 COLLATE utf8_bin DEFAULT NULL,
  `NAME_` varchar(255) CHARACTER SET utf8 COLLATE utf8_bin DEFAULT NULL,
  `PARENT_TASK_ID_` varchar(64) CHARACTER SET utf8 COLLATE utf8_bin DEFAULT NULL,
  `DESCRIPTION_` varchar(4000) CHARACTER SET utf8 COLLATE utf8_bin DEFAULT NULL,
  `OWNER_` varchar(255) CHARACTER SET utf8 COLLATE utf8_bin DEFAULT NULL,
  `ASSIGNEE_` varchar(255) CHARACTER SET utf8 COLLATE utf8_bin DEFAULT NULL,
  `START_TIME_` datetime NOT NULL,
  `CLAIM_TIME_` datetime DEFAULT NULL,
  `END_TIME_` datetime DEFAULT NULL,
  `DURATION_` bigint(20) DEFAULT NULL,
  `DELETE_REASON_` varchar(4000) CHARACTER SET utf8 COLLATE utf8_bin DEFAULT NULL,
  `PRIORITY_` int(11) DEFAULT NULL,
  `DUE_DATE_` datetime DEFAULT NULL,
  `FORM_KEY_` varchar(255) CHARACTER SET utf8 COLLATE utf8_bin DEFAULT NULL,
  PRIMARY KEY (`ID_`)
) ENGINE=InnoDB DEFAULT CHARSET=utf8 COLLATE=utf8_bin COMMENT='任务历史表（只有节点是UserTask的时候，该表中存在数据）';

-- ----------------------------
-- Records of ACT_HI_TASKINST
-- ----------------------------
BEGIN;
INSERT INTO `ACT_HI_TASKINST` VALUES ('10', 'LeaveBill:1:4', 'usertask1', '5', '5', '提交申请', NULL, NULL, NULL, '范冰冰', '2019-05-09 17:40:09', NULL, '2019-05-09 19:35:16', 6907661, 'completed', 50, NULL, 'workflowAction_audit.action');
INSERT INTO `ACT_HI_TASKINST` VALUES ('14', 'LeaveBill:1:4', 'usertask2', '5', '5', '经纪人审批', NULL, NULL, NULL, '范冰冰经纪人', '2019-05-09 19:35:16', NULL, '2019-05-10 14:13:48', 67112203, 'completed', 50, NULL, 'workflowAction_audit.action');
INSERT INTO `ACT_HI_TASKINST` VALUES ('18', 'LeaveBill:1:4', 'usertask3', '5', '5', '老总审批', NULL, NULL, NULL, '王中军', '2019-05-10 14:13:48', NULL, '2019-05-10 15:02:19', 2911936, 'completed', 50, NULL, 'workflowAction_audit.action');
INSERT INTO `ACT_HI_TASKINST` VALUES ('31', 'LeaveBill:2:25', 'usertask1', '26', '26', '提交申请', NULL, NULL, NULL, '范冰冰', '2019-05-10 16:14:12', NULL, '2019-05-10 16:14:37', 25461, 'completed', 50, NULL, 'workflowAction_audit.action');
INSERT INTO `ACT_HI_TASKINST` VALUES ('35', 'LeaveBill:2:25', 'usertask2', '26', '26', '经纪人审批', NULL, NULL, NULL, '范冰冰经纪人', '2019-05-10 16:14:37', NULL, '2019-05-10 16:16:38', 121412, 'completed', 50, NULL, 'workflowAction_audit.action');
INSERT INTO `ACT_HI_TASKINST` VALUES ('40', 'LeaveBill:2:25', 'usertask1', '26', '26', '提交申请', NULL, NULL, NULL, '范冰冰', '2019-05-10 16:16:38', NULL, '2019-05-10 16:25:37', 539979, 'completed', 50, NULL, 'workflowAction_audit.action');
INSERT INTO `ACT_HI_TASKINST` VALUES ('43', 'LeaveBill:2:25', 'usertask2', '26', '26', '经纪人审批', NULL, NULL, NULL, '范冰冰经纪人', '2019-05-10 16:25:37', NULL, '2019-05-10 16:41:21', 944477, 'completed', 50, NULL, 'workflowAction_audit.action');
INSERT INTO `ACT_HI_TASKINST` VALUES ('46', 'LeaveBill:2:25', 'usertask3', '26', '26', '老总审批', NULL, NULL, NULL, '王中军', '2019-05-10 16:41:21', NULL, '2019-05-10 16:43:37', 136439, 'completed', 50, NULL, 'workflowAction_audit.action');
COMMIT;

-- ----------------------------
-- Table structure for ACT_HI_VARINST
-- ----------------------------
DROP TABLE IF EXISTS `ACT_HI_VARINST`;
CREATE TABLE `ACT_HI_VARINST` (
  `ID_` varchar(64) CHARACTER SET utf8 COLLATE utf8_bin NOT NULL,
  `PROC_INST_ID_` varchar(64) CHARACTER SET utf8 COLLATE utf8_bin DEFAULT NULL,
  `EXECUTION_ID_` varchar(64) CHARACTER SET utf8 COLLATE utf8_bin DEFAULT NULL,
  `TASK_ID_` varchar(64) CHARACTER SET utf8 COLLATE utf8_bin DEFAULT NULL,
  `NAME_` varchar(255) CHARACTER SET utf8 COLLATE utf8_bin NOT NULL,
  `VAR_TYPE_` varchar(100) CHARACTER SET utf8 COLLATE utf8_bin DEFAULT NULL,
  `REV_` int(11) DEFAULT NULL,
  `BYTEARRAY_ID_` varchar(64) CHARACTER SET utf8 COLLATE utf8_bin DEFAULT NULL,
  `DOUBLE_` double DEFAULT NULL,
  `LONG_` bigint(20) DEFAULT NULL,
  `TEXT_` varchar(4000) CHARACTER SET utf8 COLLATE utf8_bin DEFAULT NULL,
  `TEXT2_` varchar(4000) CHARACTER SET utf8 COLLATE utf8_bin DEFAULT NULL,
  PRIMARY KEY (`ID_`),
  KEY `ACT_IDX_HI_PROCVAR_PROC_INST` (`PROC_INST_ID_`),
  KEY `ACT_IDX_HI_PROCVAR_NAME_TYPE` (`NAME_`,`VAR_TYPE_`)
) ENGINE=InnoDB DEFAULT CHARSET=utf8 COLLATE=utf8_bin COMMENT='历史的流程变量表';

-- ----------------------------
-- Records of ACT_HI_VARINST
-- ----------------------------
BEGIN;
INSERT INTO `ACT_HI_VARINST` VALUES ('28', '26', '26', NULL, 'objId', 'string', 0, NULL, NULL, NULL, 'LeaveBill.9', NULL);
INSERT INTO `ACT_HI_VARINST` VALUES ('29', '26', '26', NULL, 'inputUser', 'string', 0, NULL, NULL, NULL, '范冰冰', NULL);
INSERT INTO `ACT_HI_VARINST` VALUES ('38', '26', '26', NULL, 'outcome', 'string', 1, NULL, NULL, NULL, '批准', NULL);
INSERT INTO `ACT_HI_VARINST` VALUES ('7', '5', '5', NULL, 'objId', 'string', 0, NULL, NULL, NULL, 'LeaveBill.1', NULL);
INSERT INTO `ACT_HI_VARINST` VALUES ('8', '5', '5', NULL, 'inputUser', 'string', 0, NULL, NULL, NULL, '范冰冰', NULL);
COMMIT;

-- ----------------------------
-- Table structure for ACT_ID_GROUP
-- ----------------------------
DROP TABLE IF EXISTS `ACT_ID_GROUP`;
CREATE TABLE `ACT_ID_GROUP` (
  `ID_` varchar(64) CHARACTER SET utf8 COLLATE utf8_bin NOT NULL,
  `REV_` int(11) DEFAULT NULL,
  `NAME_` varchar(255) CHARACTER SET utf8 COLLATE utf8_bin DEFAULT NULL,
  `TYPE_` varchar(255) CHARACTER SET utf8 COLLATE utf8_bin DEFAULT NULL,
  PRIMARY KEY (`ID_`)
) ENGINE=InnoDB DEFAULT CHARSET=utf8 COLLATE=utf8_bin COMMENT='角色表';

-- ----------------------------
-- Table structure for ACT_ID_INFO
-- ----------------------------
DROP TABLE IF EXISTS `ACT_ID_INFO`;
CREATE TABLE `ACT_ID_INFO` (
  `ID_` varchar(64) CHARACTER SET utf8 COLLATE utf8_bin NOT NULL,
  `REV_` int(11) DEFAULT NULL,
  `USER_ID_` varchar(64) CHARACTER SET utf8 COLLATE utf8_bin DEFAULT NULL,
  `TYPE_` varchar(64) CHARACTER SET utf8 COLLATE utf8_bin DEFAULT NULL,
  `KEY_` varchar(255) CHARACTER SET utf8 COLLATE utf8_bin DEFAULT NULL,
  `VALUE_` varchar(255) CHARACTER SET utf8 COLLATE utf8_bin DEFAULT NULL,
  `PASSWORD_` longblob,
  `PARENT_ID_` varchar(255) CHARACTER SET utf8 COLLATE utf8_bin DEFAULT NULL,
  PRIMARY KEY (`ID_`)
) ENGINE=InnoDB DEFAULT CHARSET=utf8 COLLATE=utf8_bin;

-- ----------------------------
-- Table structure for ACT_ID_MEMBERSHIP
-- ----------------------------
DROP TABLE IF EXISTS `ACT_ID_MEMBERSHIP`;
CREATE TABLE `ACT_ID_MEMBERSHIP` (
  `USER_ID_` varchar(64) CHARACTER SET utf8 COLLATE utf8_bin NOT NULL,
  `GROUP_ID_` varchar(64) CHARACTER SET utf8 COLLATE utf8_bin NOT NULL,
  PRIMARY KEY (`USER_ID_`,`GROUP_ID_`),
  KEY `ACT_FK_MEMB_GROUP` (`GROUP_ID_`),
  CONSTRAINT `ACT_FK_MEMB_GROUP` FOREIGN KEY (`GROUP_ID_`) REFERENCES `act_id_group` (`ID_`),
  CONSTRAINT `ACT_FK_MEMB_USER` FOREIGN KEY (`USER_ID_`) REFERENCES `act_id_user` (`ID_`)
) ENGINE=InnoDB DEFAULT CHARSET=utf8 COLLATE=utf8_bin COMMENT='用户角色关联表';

-- ----------------------------
-- Table structure for ACT_ID_USER
-- ----------------------------
DROP TABLE IF EXISTS `ACT_ID_USER`;
CREATE TABLE `ACT_ID_USER` (
  `ID_` varchar(64) CHARACTER SET utf8 COLLATE utf8_bin NOT NULL,
  `REV_` int(11) DEFAULT NULL,
  `FIRST_` varchar(255) CHARACTER SET utf8 COLLATE utf8_bin DEFAULT NULL,
  `LAST_` varchar(255) CHARACTER SET utf8 COLLATE utf8_bin DEFAULT NULL,
  `EMAIL_` varchar(255) CHARACTER SET utf8 COLLATE utf8_bin DEFAULT NULL,
  `PWD_` varchar(255) CHARACTER SET utf8 COLLATE utf8_bin DEFAULT NULL,
  `PICTURE_ID_` varchar(64) CHARACTER SET utf8 COLLATE utf8_bin DEFAULT NULL,
  PRIMARY KEY (`ID_`)
) ENGINE=InnoDB DEFAULT CHARSET=utf8 COLLATE=utf8_bin COMMENT='用户表';

-- ----------------------------
-- Table structure for ACT_RE_DEPLOYMENT
-- ----------------------------
DROP TABLE IF EXISTS `ACT_RE_DEPLOYMENT`;
CREATE TABLE `ACT_RE_DEPLOYMENT` (
  `ID_` varchar(64) CHARACTER SET utf8 COLLATE utf8_bin NOT NULL,
  `NAME_` varchar(255) CHARACTER SET utf8 COLLATE utf8_bin DEFAULT NULL,
  `CATEGORY_` varchar(255) CHARACTER SET utf8 COLLATE utf8_bin DEFAULT NULL,
  `DEPLOY_TIME_` timestamp NULL DEFAULT NULL,
  PRIMARY KEY (`ID_`)
) ENGINE=InnoDB DEFAULT CHARSET=utf8 COLLATE=utf8_bin COMMENT='部署对象表';

-- ----------------------------
-- Records of ACT_RE_DEPLOYMENT
-- ----------------------------
BEGIN;
INSERT INTO `ACT_RE_DEPLOYMENT` VALUES ('1', '请假流程0823', NULL, '2019-05-09 14:55:45');
INSERT INTO `ACT_RE_DEPLOYMENT` VALUES ('22', '请假流程(新)', NULL, '2019-05-10 15:08:05');
COMMIT;

-- ----------------------------
-- Table structure for ACT_RE_MODEL
-- ----------------------------
DROP TABLE IF EXISTS `ACT_RE_MODEL`;
CREATE TABLE `ACT_RE_MODEL` (
  `ID_` varchar(64) CHARACTER SET utf8 COLLATE utf8_bin NOT NULL,
  `REV_` int(11) DEFAULT NULL,
  `NAME_` varchar(255) CHARACTER SET utf8 COLLATE utf8_bin DEFAULT NULL,
  `KEY_` varchar(255) CHARACTER SET utf8 COLLATE utf8_bin DEFAULT NULL,
  `CATEGORY_` varchar(255) CHARACTER SET utf8 COLLATE utf8_bin DEFAULT NULL,
  `CREATE_TIME_` timestamp NULL DEFAULT NULL,
  `LAST_UPDATE_TIME_` timestamp NULL DEFAULT NULL,
  `VERSION_` int(11) DEFAULT NULL,
  `META_INFO_` varchar(4000) CHARACTER SET utf8 COLLATE utf8_bin DEFAULT NULL,
  `DEPLOYMENT_ID_` varchar(64) CHARACTER SET utf8 COLLATE utf8_bin DEFAULT NULL,
  `EDITOR_SOURCE_VALUE_ID_` varchar(64) CHARACTER SET utf8 COLLATE utf8_bin DEFAULT NULL,
  `EDITOR_SOURCE_EXTRA_VALUE_ID_` varchar(64) CHARACTER SET utf8 COLLATE utf8_bin DEFAULT NULL,
  PRIMARY KEY (`ID_`),
  KEY `ACT_FK_MODEL_SOURCE` (`EDITOR_SOURCE_VALUE_ID_`),
  KEY `ACT_FK_MODEL_SOURCE_EXTRA` (`EDITOR_SOURCE_EXTRA_VALUE_ID_`),
  KEY `ACT_FK_MODEL_DEPLOYMENT` (`DEPLOYMENT_ID_`),
  CONSTRAINT `ACT_FK_MODEL_DEPLOYMENT` FOREIGN KEY (`DEPLOYMENT_ID_`) REFERENCES `act_re_deployment` (`ID_`),
  CONSTRAINT `ACT_FK_MODEL_SOURCE` FOREIGN KEY (`EDITOR_SOURCE_VALUE_ID_`) REFERENCES `act_ge_bytearray` (`ID_`),
  CONSTRAINT `ACT_FK_MODEL_SOURCE_EXTRA` FOREIGN KEY (`EDITOR_SOURCE_EXTRA_VALUE_ID_`) REFERENCES `act_ge_bytearray` (`ID_`)
) ENGINE=InnoDB DEFAULT CHARSET=utf8 COLLATE=utf8_bin;

-- ----------------------------
-- Table structure for ACT_RE_PROCDEF
-- ----------------------------
DROP TABLE IF EXISTS `ACT_RE_PROCDEF`;
CREATE TABLE `ACT_RE_PROCDEF` (
  `ID_` varchar(64) CHARACTER SET utf8 COLLATE utf8_bin NOT NULL,
  `REV_` int(11) DEFAULT NULL,
  `CATEGORY_` varchar(255) CHARACTER SET utf8 COLLATE utf8_bin DEFAULT NULL,
  `NAME_` varchar(255) CHARACTER SET utf8 COLLATE utf8_bin DEFAULT NULL,
  `KEY_` varchar(255) CHARACTER SET utf8 COLLATE utf8_bin NOT NULL,
  `VERSION_` int(11) NOT NULL,
  `DEPLOYMENT_ID_` varchar(64) CHARACTER SET utf8 COLLATE utf8_bin DEFAULT NULL,
  `RESOURCE_NAME_` varchar(4000) CHARACTER SET utf8 COLLATE utf8_bin DEFAULT NULL,
  `DGRM_RESOURCE_NAME_` varchar(4000) CHARACTER SET utf8 COLLATE utf8_bin DEFAULT NULL,
  `DESCRIPTION_` varchar(4000) CHARACTER SET utf8 COLLATE utf8_bin DEFAULT NULL,
  `HAS_START_FORM_KEY_` tinyint(4) DEFAULT NULL,
  `SUSPENSION_STATE_` int(11) DEFAULT NULL,
  PRIMARY KEY (`ID_`),
  UNIQUE KEY `ACT_UNIQ_PROCDEF` (`KEY_`,`VERSION_`)
) ENGINE=InnoDB DEFAULT CHARSET=utf8 COLLATE=utf8_bin COMMENT='流程定义表';

-- ----------------------------
-- Records of ACT_RE_PROCDEF
-- ----------------------------
BEGIN;
INSERT INTO `ACT_RE_PROCDEF` VALUES ('LeaveBill:1:4', 1, 'http://www.activiti.org/test', 'LeaveBillProcess', 'LeaveBill', 1, '1', 'leaveBill.bpmn', 'leaveBill.png', NULL, 0, 1);
INSERT INTO `ACT_RE_PROCDEF` VALUES ('LeaveBill:2:25', 1, 'http://www.activiti.org/test', 'LeaveBillProcess', 'LeaveBill', 2, '22', 'leaveBill2.bpmn', 'leaveBill2.png', NULL, 0, 1);
COMMIT;

-- ----------------------------
-- Table structure for ACT_RU_EVENT_SUBSCR
-- ----------------------------
DROP TABLE IF EXISTS `ACT_RU_EVENT_SUBSCR`;
CREATE TABLE `ACT_RU_EVENT_SUBSCR` (
  `ID_` varchar(64) CHARACTER SET utf8 COLLATE utf8_bin NOT NULL,
  `REV_` int(11) DEFAULT NULL,
  `EVENT_TYPE_` varchar(255) CHARACTER SET utf8 COLLATE utf8_bin NOT NULL,
  `EVENT_NAME_` varchar(255) CHARACTER SET utf8 COLLATE utf8_bin DEFAULT NULL,
  `EXECUTION_ID_` varchar(64) CHARACTER SET utf8 COLLATE utf8_bin DEFAULT NULL,
  `PROC_INST_ID_` varchar(64) CHARACTER SET utf8 COLLATE utf8_bin DEFAULT NULL,
  `ACTIVITY_ID_` varchar(64) CHARACTER SET utf8 COLLATE utf8_bin DEFAULT NULL,
  `CONFIGURATION_` varchar(255) CHARACTER SET utf8 COLLATE utf8_bin DEFAULT NULL,
  `CREATED_` timestamp NOT NULL,
  PRIMARY KEY (`ID_`),
  KEY `ACT_IDX_EVENT_SUBSCR_CONFIG_` (`CONFIGURATION_`),
  KEY `ACT_FK_EVENT_EXEC` (`EXECUTION_ID_`),
  CONSTRAINT `ACT_FK_EVENT_EXEC` FOREIGN KEY (`EXECUTION_ID_`) REFERENCES `act_ru_execution` (`ID_`)
) ENGINE=InnoDB DEFAULT CHARSET=utf8 COLLATE=utf8_bin;

-- ----------------------------
-- Table structure for ACT_RU_EXECUTION
-- ----------------------------
DROP TABLE IF EXISTS `ACT_RU_EXECUTION`;
CREATE TABLE `ACT_RU_EXECUTION` (
  `ID_` varchar(64) CHARACTER SET utf8 COLLATE utf8_bin NOT NULL,
  `REV_` int(11) DEFAULT NULL,
  `PROC_INST_ID_` varchar(64) CHARACTER SET utf8 COLLATE utf8_bin DEFAULT NULL,
  `BUSINESS_KEY_` varchar(255) CHARACTER SET utf8 COLLATE utf8_bin DEFAULT NULL,
  `PARENT_ID_` varchar(64) CHARACTER SET utf8 COLLATE utf8_bin DEFAULT NULL,
  `PROC_DEF_ID_` varchar(64) CHARACTER SET utf8 COLLATE utf8_bin DEFAULT NULL,
  `SUPER_EXEC_` varchar(64) CHARACTER SET utf8 COLLATE utf8_bin DEFAULT NULL,
  `ACT_ID_` varchar(255) CHARACTER SET utf8 COLLATE utf8_bin DEFAULT NULL,
  `IS_ACTIVE_` tinyint(4) DEFAULT NULL,
  `IS_CONCURRENT_` tinyint(4) DEFAULT NULL,
  `IS_SCOPE_` tinyint(4) DEFAULT NULL,
  `IS_EVENT_SCOPE_` tinyint(4) DEFAULT NULL,
  `SUSPENSION_STATE_` int(11) DEFAULT NULL,
  `CACHED_ENT_STATE_` int(11) DEFAULT NULL,
  PRIMARY KEY (`ID_`),
  UNIQUE KEY `ACT_UNIQ_RU_BUS_KEY` (`PROC_DEF_ID_`,`BUSINESS_KEY_`),
  KEY `ACT_IDX_EXEC_BUSKEY` (`BUSINESS_KEY_`),
  KEY `ACT_FK_EXE_PROCINST` (`PROC_INST_ID_`),
  KEY `ACT_FK_EXE_PARENT` (`PARENT_ID_`),
  KEY `ACT_FK_EXE_SUPER` (`SUPER_EXEC_`),
  CONSTRAINT `ACT_FK_EXE_PARENT` FOREIGN KEY (`PARENT_ID_`) REFERENCES `act_ru_execution` (`ID_`),
  CONSTRAINT `ACT_FK_EXE_PROCDEF` FOREIGN KEY (`PROC_DEF_ID_`) REFERENCES `act_re_procdef` (`ID_`),
  CONSTRAINT `ACT_FK_EXE_PROCINST` FOREIGN KEY (`PROC_INST_ID_`) REFERENCES `act_ru_execution` (`ID_`) ON DELETE CASCADE ON UPDATE CASCADE,
  CONSTRAINT `ACT_FK_EXE_SUPER` FOREIGN KEY (`SUPER_EXEC_`) REFERENCES `act_ru_execution` (`ID_`)
) ENGINE=InnoDB DEFAULT CHARSET=utf8 COLLATE=utf8_bin COMMENT='正在执行的执行对象表';

-- ----------------------------
-- Table structure for ACT_RU_IDENTITYLINK
-- ----------------------------
DROP TABLE IF EXISTS `ACT_RU_IDENTITYLINK`;
CREATE TABLE `ACT_RU_IDENTITYLINK` (
  `ID_` varchar(64) CHARACTER SET utf8 COLLATE utf8_bin NOT NULL,
  `REV_` int(11) DEFAULT NULL,
  `GROUP_ID_` varchar(255) CHARACTER SET utf8 COLLATE utf8_bin DEFAULT NULL,
  `TYPE_` varchar(255) CHARACTER SET utf8 COLLATE utf8_bin DEFAULT NULL,
  `USER_ID_` varchar(255) CHARACTER SET utf8 COLLATE utf8_bin DEFAULT NULL,
  `TASK_ID_` varchar(64) CHARACTER SET utf8 COLLATE utf8_bin DEFAULT NULL,
  `PROC_INST_ID_` varchar(64) CHARACTER SET utf8 COLLATE utf8_bin DEFAULT NULL,
  `PROC_DEF_ID_` varchar(64) CHARACTER SET utf8 COLLATE utf8_bin DEFAULT NULL,
  PRIMARY KEY (`ID_`),
  KEY `ACT_IDX_IDENT_LNK_USER` (`USER_ID_`),
  KEY `ACT_IDX_IDENT_LNK_GROUP` (`GROUP_ID_`),
  KEY `ACT_IDX_ATHRZ_PROCEDEF` (`PROC_DEF_ID_`),
  KEY `ACT_FK_TSKASS_TASK` (`TASK_ID_`),
  KEY `ACT_FK_IDL_PROCINST` (`PROC_INST_ID_`),
  CONSTRAINT `ACT_FK_ATHRZ_PROCEDEF` FOREIGN KEY (`PROC_DEF_ID_`) REFERENCES `act_re_procdef` (`ID_`),
  CONSTRAINT `ACT_FK_IDL_PROCINST` FOREIGN KEY (`PROC_INST_ID_`) REFERENCES `act_ru_execution` (`ID_`),
  CONSTRAINT `ACT_FK_TSKASS_TASK` FOREIGN KEY (`TASK_ID_`) REFERENCES `act_ru_task` (`ID_`)
) ENGINE=InnoDB DEFAULT CHARSET=utf8 COLLATE=utf8_bin;

-- ----------------------------
-- Table structure for ACT_RU_JOB
-- ----------------------------
DROP TABLE IF EXISTS `ACT_RU_JOB`;
CREATE TABLE `ACT_RU_JOB` (
  `ID_` varchar(64) CHARACTER SET utf8 COLLATE utf8_bin NOT NULL,
  `REV_` int(11) DEFAULT NULL,
  `TYPE_` varchar(255) CHARACTER SET utf8 COLLATE utf8_bin NOT NULL,
  `LOCK_EXP_TIME_` timestamp NULL DEFAULT NULL,
  `LOCK_OWNER_` varchar(255) CHARACTER SET utf8 COLLATE utf8_bin DEFAULT NULL,
  `EXCLUSIVE_` tinyint(1) DEFAULT NULL,
  `EXECUTION_ID_` varchar(64) CHARACTER SET utf8 COLLATE utf8_bin DEFAULT NULL,
  `PROCESS_INSTANCE_ID_` varchar(64) CHARACTER SET utf8 COLLATE utf8_bin DEFAULT NULL,
  `PROC_DEF_ID_` varchar(64) CHARACTER SET utf8 COLLATE utf8_bin DEFAULT NULL,
  `RETRIES_` int(11) DEFAULT NULL,
  `EXCEPTION_STACK_ID_` varchar(64) CHARACTER SET utf8 COLLATE utf8_bin DEFAULT NULL,
  `EXCEPTION_MSG_` varchar(4000) CHARACTER SET utf8 COLLATE utf8_bin DEFAULT NULL,
  `DUEDATE_` timestamp NULL DEFAULT NULL,
  `REPEAT_` varchar(255) CHARACTER SET utf8 COLLATE utf8_bin DEFAULT NULL,
  `HANDLER_TYPE_` varchar(255) CHARACTER SET utf8 COLLATE utf8_bin DEFAULT NULL,
  `HANDLER_CFG_` varchar(4000) CHARACTER SET utf8 COLLATE utf8_bin DEFAULT NULL,
  PRIMARY KEY (`ID_`),
  KEY `ACT_FK_JOB_EXCEPTION` (`EXCEPTION_STACK_ID_`),
  CONSTRAINT `ACT_FK_JOB_EXCEPTION` FOREIGN KEY (`EXCEPTION_STACK_ID_`) REFERENCES `act_ge_bytearray` (`ID_`)
) ENGINE=InnoDB DEFAULT CHARSET=utf8 COLLATE=utf8_bin;

-- ----------------------------
-- Table structure for ACT_RU_TASK
-- ----------------------------
DROP TABLE IF EXISTS `ACT_RU_TASK`;
CREATE TABLE `ACT_RU_TASK` (
  `ID_` varchar(64) CHARACTER SET utf8 COLLATE utf8_bin NOT NULL,
  `REV_` int(11) DEFAULT NULL,
  `EXECUTION_ID_` varchar(64) CHARACTER SET utf8 COLLATE utf8_bin DEFAULT NULL,
  `PROC_INST_ID_` varchar(64) CHARACTER SET utf8 COLLATE utf8_bin DEFAULT NULL,
  `PROC_DEF_ID_` varchar(64) CHARACTER SET utf8 COLLATE utf8_bin DEFAULT NULL,
  `NAME_` varchar(255) CHARACTER SET utf8 COLLATE utf8_bin DEFAULT NULL,
  `PARENT_TASK_ID_` varchar(64) CHARACTER SET utf8 COLLATE utf8_bin DEFAULT NULL,
  `DESCRIPTION_` varchar(4000) CHARACTER SET utf8 COLLATE utf8_bin DEFAULT NULL,
  `TASK_DEF_KEY_` varchar(255) CHARACTER SET utf8 COLLATE utf8_bin DEFAULT NULL,
  `OWNER_` varchar(255) CHARACTER SET utf8 COLLATE utf8_bin DEFAULT NULL,
  `ASSIGNEE_` varchar(255) CHARACTER SET utf8 COLLATE utf8_bin DEFAULT NULL,
  `DELEGATION_` varchar(64) CHARACTER SET utf8 COLLATE utf8_bin DEFAULT NULL,
  `PRIORITY_` int(11) DEFAULT NULL,
  `CREATE_TIME_` timestamp NULL DEFAULT NULL,
  `DUE_DATE_` datetime DEFAULT NULL,
  `SUSPENSION_STATE_` int(11) DEFAULT NULL,
  PRIMARY KEY (`ID_`),
  KEY `ACT_IDX_TASK_CREATE` (`CREATE_TIME_`),
  KEY `ACT_FK_TASK_EXE` (`EXECUTION_ID_`),
  KEY `ACT_FK_TASK_PROCINST` (`PROC_INST_ID_`),
  KEY `ACT_FK_TASK_PROCDEF` (`PROC_DEF_ID_`),
  CONSTRAINT `ACT_FK_TASK_EXE` FOREIGN KEY (`EXECUTION_ID_`) REFERENCES `act_ru_execution` (`ID_`),
  CONSTRAINT `ACT_FK_TASK_PROCDEF` FOREIGN KEY (`PROC_DEF_ID_`) REFERENCES `act_re_procdef` (`ID_`),
  CONSTRAINT `ACT_FK_TASK_PROCINST` FOREIGN KEY (`PROC_INST_ID_`) REFERENCES `act_ru_execution` (`ID_`)
) ENGINE=InnoDB DEFAULT CHARSET=utf8 COLLATE=utf8_bin COMMENT='正在执行的任务表（只有节点是UserTask的时候，该表中存在数据）';

-- ----------------------------
-- Table structure for ACT_RU_VARIABLE
-- ----------------------------
DROP TABLE IF EXISTS `ACT_RU_VARIABLE`;
CREATE TABLE `ACT_RU_VARIABLE` (
  `ID_` varchar(64) CHARACTER SET utf8 COLLATE utf8_bin NOT NULL,
  `REV_` int(11) DEFAULT NULL,
  `TYPE_` varchar(255) CHARACTER SET utf8 COLLATE utf8_bin NOT NULL,
  `NAME_` varchar(255) CHARACTER SET utf8 COLLATE utf8_bin NOT NULL,
  `EXECUTION_ID_` varchar(64) CHARACTER SET utf8 COLLATE utf8_bin DEFAULT NULL,
  `PROC_INST_ID_` varchar(64) CHARACTER SET utf8 COLLATE utf8_bin DEFAULT NULL,
  `TASK_ID_` varchar(64) CHARACTER SET utf8 COLLATE utf8_bin DEFAULT NULL,
  `BYTEARRAY_ID_` varchar(64) CHARACTER SET utf8 COLLATE utf8_bin DEFAULT NULL,
  `DOUBLE_` double DEFAULT NULL,
  `LONG_` bigint(20) DEFAULT NULL,
  `TEXT_` varchar(4000) CHARACTER SET utf8 COLLATE utf8_bin DEFAULT NULL,
  `TEXT2_` varchar(4000) CHARACTER SET utf8 COLLATE utf8_bin DEFAULT NULL,
  PRIMARY KEY (`ID_`),
  KEY `ACT_IDX_VARIABLE_TASK_ID` (`TASK_ID_`),
  KEY `ACT_FK_VAR_EXE` (`EXECUTION_ID_`),
  KEY `ACT_FK_VAR_PROCINST` (`PROC_INST_ID_`),
  KEY `ACT_FK_VAR_BYTEARRAY` (`BYTEARRAY_ID_`),
  CONSTRAINT `ACT_FK_VAR_BYTEARRAY` FOREIGN KEY (`BYTEARRAY_ID_`) REFERENCES `act_ge_bytearray` (`ID_`),
  CONSTRAINT `ACT_FK_VAR_EXE` FOREIGN KEY (`EXECUTION_ID_`) REFERENCES `act_ru_execution` (`ID_`),
  CONSTRAINT `ACT_FK_VAR_PROCINST` FOREIGN KEY (`PROC_INST_ID_`) REFERENCES `act_ru_execution` (`ID_`)
) ENGINE=InnoDB DEFAULT CHARSET=utf8 COLLATE=utf8_bin COMMENT='正在执行的流程变量表';

SET FOREIGN_KEY_CHECKS = 1;
